numero_expediente,id_interno,antecedentes,asunto
01291-1999-AA,32186,,
00369-1999-AA,33098,,
00728-1999-AA,33099,,
00833-1999-HC,33100,,
00620-1999-AA,33101,,
00622-1999-AA,33102,,
00623-1999-AA,33103,,
00570-1999-AA,33104,,
00627-1999-AA,33105,,
00566-1997-AA,33106,,
00630-1997-AA,33107,,
00631-1997-AA,33108,,
00979-1998-AC,33109,,
01061-1998-AA,33110,,
00613-1999-HC,33111,,
01069-1996-AA,33112,,
00673-1997-AA,33113,,
00392-1998-AA,33114,,
00461-1997-AA,33115,,
00417-1999-AA,33116,,
00403-1999-AA,33117,,
00375-1999-AA,33118,,
00376-1999-AA,33119,,
00386-1998-AA,33120,,
00497-1999-HC,33121,,
00510-1999-AA,33122,,
00441-1999-AA,33123,,
01112-1997-AA,33124,,
00379-1999-AA,33125,,
00634-1997-AA,33126,,
00674-1997-AA,33127,,
00638-1999-HC,33128,,
00677-1997-AA,33129,,
00176-1998-AC,33130,,
00525-1997-HC,33131,,
00185-1999-AA,33132,,
00183-1998-AA,33133,,
00170-1998-AA,33134,,
00328-1999-AA,33135,,
00329-1999-AA,33136,,
00322-1997-AA,33137,,
00286-1999-AA,33138,,
00848-1997-HC,33139,,
00752-1997-AC,33140,,
00336-1999-AA,33141,,
00834-1999-HC,33142,,
00770-1997-AA,33143,,
01221-1997-AA,33144,,
01131-1999-HC,33145,,
01133-1997-AA,33146,,
00771-1997-AA,33147,,
00072-1999-HC,33148,,
00094-1999-AA,33149,,
00005-1999-AA,33150,,
00011-1998-AA,33151,,
00025-1999-AA,33152,,
00006-1999-AA,33153,,
01007-1997-AA,33154,,
01056-1998-AA,33155,,
00866-1998-AA,33156,,
00861-1998-AA,33157,,
00862-1997-AA,33158,,
00912-1997-AA,33159,,
01037-1998-AA,33160,,
00998-1998-AA,33161,,
00515-1999-AA,33162,,
00561-1999-AA,33163,,
00640-1997-AA,33164,,
01124-1998-AA,33165,,
01071-1997-AA,33166,,
00975-1999-HC,33167,,
01120-1997-AA,33168,,
01113-1997-AA,33169,,
01070-1997-AA,33170,,
01116-1997-AA,33171,,
01118-1997-AA,33172,,
01123-1997-AA,33173,,
01129-1997-AA,33174,,
01127-1997-AA,33175,,
01128-1997-AA,33176,,
01126-1997-AA,33177,,
00596-1999-HC,33178,,
00644-1997-AA,33179,,
00628-1997-AC,33180,,
00920-1997-AA,33181,,
00842-1997-AA,33182,,
00851-1997-AA,33183,,
00758-1997-AA,33184,,
00831-1999-HC,33185,,
01010-1997-AA,33186,,
01053-1997-AA,33187,,
01055-1997-AA,33188,,
00962-1997-AA,33189,,
01039-1997-AA,33190,,
00894-1997-AA,33191,,
01029-1997-AA,33192,,
00939-1997-AA,33193,,
01031-1997-AA,33194,,
01119-1997-AA,33195,,
01072-1997-AA,33196,,
01115-1997-AA,33197,,
01138-1997-AA,33198,,
01125-1997-AA,33199,,
01110-1997-AA,33200,,
01102-1997-AA,33201,,
01107-1997-AA,33202,,
01018-1997-AA,33203,,
01139-1997-AA,33204,,
00845-1997-AA,33205,,
00850-1997-AA,33206,,
01011-1997-AA,33207,,
00858-1997-AA,33208,,
00900-1997-AA,33209,,
01019-1997-AA,33210,,
00961-1997-AA,33211,,
01015-1997-AA,33212,,
01008-1997-AA,33213,,
01037-1997-AA,33214,,
01061-1997-AA,33215,,
01026-1997-AA,33216,,
00944-1997-AA,33217,,
01062-1997-AA,33218,,
00922-1997-AA,33219,,
01049-1997-AA,33220,,
00985-1997-AA,33221,,
01021-1997-AA,33222,,
00837-1998-AA,33223,,
00681-1997-AA,33224,,
00805-1997-AA,33225,,
00296-1997-AA,33226,,
00156-1998-AA,33227,,
00043-1998-AA,33228,,
00533-1999-AA,33229,,
00418-1998-AA,33230,,
00354-1998-AC,33231,,
00285-1999-AA,33232,,
00393-1999-AC,33233,,
00510-1998-AA,33234,,
00089-1999-AC,33235,,
00010-1998-AA,33236,,
01249-1997-AA,33237,,
01281-1997-AA,33238,,
01139-1998-AA,33239,,
01155-1997-AC,33240,,
01158-1997-AA,33241,,
00965-1999-HC,33242,,
01026-1998-AA,33243,,
00923-1997-AA,33244,,
00928-1998-AA,33245,,
00617-1999-HC,33246,,
00573-1999-AA,33247,,
00698-1997-AA,33248,,
00568-1999-AA,33249,,
00673-1999-AA,33250,,
00725-1998-AA,33251,,
00806-1999-AA,33252,,
00804-1997-AA,33253,,
00295-1997-AA,33254,,
00251-1999-AA,33255,,
00753-1999-AA,33256,,
00603-1999-HC,33257,,
00281-1999-HC,33258,,
00119-1999-AA,33259,,
00199-1998-AA,33260,,
00548-1999-HC,33261,,
00572-1999-AA,33262,,
00571-1999-AA,33263,,
00511-1999-AA,33264,,
00511-1998-AA,33265,,
00356-1997-AA,33266,,
01141-1998-AA,33267,,
00763-1997-AA,33268,,
00802-1998-AA,33269,,
00002-1999-CC,33270,,
00980-1997-AA,33271,,
00967-1997-AA,33272,,
00550-1999-HC,33273,,
00175-1999-AA,33274,,
00840-1997-AA,33275,,
00844-1997-AA,33276,,
01131-1997-AA,33277,,
00853-1997-AA,33278,,
01121-1997-AA,33279,,
01075-1997-AA,33280,,
01104-1997-AA,33281,,
01103-1997-AA,33282,,
01109-1997-AA,33283,,
00032-1998-AC,33284,,
00065-1998-AA,33285,,
00052-1999-AA,33286,,
00958-1997-AA,33287,,
00027-1999-AA,33288,,
00979-1997-AA,33289,,
00891-1997-AA,33290,,
00971-1997-AA,33291,,
01016-1997-AA,33292,,
01017-1997-AA,33293,,
00864-1997-AA,33294,,
00865-1997-AA,33295,,
00964-1997-AA,33296,,
00966-1997-AA,33297,,
00960-1997-AA,33298,,
00959-1997-AA,33299,,
01009-1997-AA,33300,,
00885-1997-AA,33301,,
00892-1997-AA,33302,,
00973-1997-AA,33303,,
00895-1997-AA,33304,,
00970-1997-AA,33305,,
00937-1997-AA,33306,,
00984-1997-AA,33307,,
00927-1997-AA,33308,,
00888-1997-AA,33309,,
00936-1997-AA,33310,,
01063-1997-AA,33311,,
00514-1998-AA,33312,,
00903-1997-AA,33313,,
01191-1997-AA,33314,,
00467-1998-AA,33315,,
00433-1998-AA,33316,,
00622-1998-AA,33317,,
00638-1997-AA,33318,,
00527-1998-AA,33319,,
00294-1998-AA,33320,,
00264-1998-AA,33321,,
00415-1999-AA,33322,,
00470-1998-AA,33323,,
00481-1997-AA,33324,,
00405-1998-AA,33325,,
00623-1998-AA,33326,,
00555-1999-AA,33327,,
00597-1998-AA,33328,,
00917-1997-AA,33329,,
00918-1999-AA,33330,,
00849-1999-AA,33331,,
00850-1999-HC,33332,,
00717-1999-AA,33333,,
01132-1997-AA,33334,,
00812-1999-AA,33335,,
00853-1999-HC,33336,,
00723-1998-AA,33337,,
01207-1997-AA,33338,,
01136-1997-AA,33339,,
01141-1997-AA,33340,,
01209-1997-AA,33341,,
00889-1997-AC,33342,,
00911-1998-AA,33343,,
00935-1997-AA,33344,,
01002-1997-AA,33345,,
01003-1997-AA,33346,,
00535-1999-AA,33347,,
00661-1998-AC,33348,,
00458-1998-AA,33349,,
01024-1998-AA,33350,,
00672-1999-AA,33351,,
00541-1998-AA,33352,,
00189-1999-AA,33353,,
00200-1999-AA,33354,,
00746-1997-AA,33355,,
00291-1999-AC,33356,,
00798-1998-AA,33357,,
00844-1998-AA,33358,,
00749-1999-AC,33359,,
00269-1998-AA,33360,,
00292-1999-AC,33361,,
00791-1998-AA,33362,,
00826-1999-HC,33363,,
00759-1998-AA,33364,,
00732-1998-AA,33365,,
00763-1998-AA,33366,,
00811-1998-AA,33367,,
01084-1998-AA,33368,,
01076-1997-AA,33369,,
01105-1998-AA,33370,,
01195-1997-AA,33371,,
01205-1997-AA,33372,,
00416-1998-AA,33373,,
01240-1997-AA,33374,,
01089-1998-AC,33375,,
00373-1999-AA,33376,,
01078-1998-HC,33377,,
00420-1999-AA,33378,,
00476-1998-AA,33379,,
00396-1998-AC,33380,,
00345-1997-AA,33381,,
00431-1998-AA,33382,,
00078-1999-AA,33383,,
00046-1993-AA,33384,,
00013-1995-AA,33385,,
00087-1999-AC,33386,,
00900-1999-HC,33387,,
00901-1999-HC,33388,,
00978-1998-AA,33389,,
00971-1999-HC,33390,,
00970-1999-HC,33391,,
00995-1998-AA,33392,,
00654-1998-AA,33393,,
00649-1997-AC,33394,,
00651-1997-AA,33395,,
00568-1997-AA,33396,,
00569-1999-AA,33397,,
00625-1998-AA,33398,,
00519-1999-AA,33399,,
00543-1999-AA,33400,,
00678-1999-HC,33401,,
00587-1999-AA,33402,,
00539-1999-AA,33403,,
00628-1999-AA,33404,,
01199-1999-AA,33405,,
01079-1999-HC,33406,,
00395-1997-AA,33407,,
00410-1999-AA,33408,,
00451-1999-AA,33409,,
00411-1999-AA,33410,,
00349-1998-AC,33411,,
00760-1999-AA,33412,,
00962-1999-HC,33413,,
01283-1997-AA,33414,,
00342-1998-AC,33415,,
00907-1997-AA,33416,,
00933-1998-AA,33417,,
00961-1999-HC,33418,,
00895-1998-AC,33419,,
00902-1999-HC,33420,,
00896-1998-AC,33421,,
01047-1998-AA,33422,,
00936-1998-AA,33423,,
01045-1999-HC,33424,,
01028-1997-AA,33425,,
00514-1999-AA,33426,,
00692-1998-AA,33427,,
00700-1997-AA,33428,,
00680-1999-HC,33429,,
00562-1999-AA,33430,,
00675-1999-AA,33431,,
00643-1997-AA,33432,,
00546-1999-AA,33433,,
00671-1999-HC,33434,,
00163-1998-AA,33435,,
00165-1999-AC,33436,,
00145-1999-AA,33437,,
00161-1999-AC,33438,,
00668-1999-AA,33439,,
00202-1998-AA,33440,,
00174-1999-AA,33441,,
00125-1998-AA,33442,,
00189-1998-AA,33443,,
00136-1996-AA,33444,,
00238-1999-AA,33445,,
00122-1998-AA,33446,,
00289-1999-AA,33447,,
00332-1998-AC,33448,,
00751-1999-AA,33449,,
00226-1998-AA,33450,,
00851-1998-AA,33451,,
00833-1998-AA,33452,,
00835-1999-HC,33453,,
00767-1999-HC,33454,,
00773-1999-AA,33455,,
00855-1998-AC,33456,,
00926-1997-AA,33457,,
00820-1997-AA,33458,,
01023-1998-AA,33459,,
00761-1997-AC,33460,,
00838-1997-AA,33461,,
00808-1999-HC,33462,,
00810-1999-AA,33463,,
01067-1997-AA,33464,,
01146-1998-AA,33465,,
00472-1999-AA,33466,,
01293-1997-AA,33467,,
00424-1998-AA,33468,,
01142-1999-AA,33469,,
01129-1999-HC,33470,,
00443-1998-AA,33471,,
00874-1999-HC,33472,,
00592-1998-AA,33473,,
00644-1999-AC,33475,,
00600-1998-AA,33476,,
00174-1998-AA,33477,,
00338-1999-AA,33478,,
00425-1999-AC,33479,,
00073-1998-AA,33480,,
00397-1997-AA,33481,,
00397-1998-AA,33482,,
00400-1997-AA,33483,,
00449-1999-AA,33484,,
00413-1998-AA,33485,,
00200-1998-AA,33486,,
00198-1998-AA,33487,,
00173-1999-AC,33488,,
00148-1998-AA,33489,,
00154-1998-AA,33490,,
00205-1999-AA,33491,,
00208-1998-AA,33492,,
00151-19998-AA,33493,,
00260-1998-AA,33494,,
00286-1998-AA,33495,,
00334-1999-AA,33496,,
00318-1998-AA,33497,,
00303-1997-AA,33498,,
00019-1999-AA,33499,,
00022-1999-AA,33500,,
00050-1999-AA,33501,,
00086-1999-AA,33502,,
00032-1999-AA,33503,,
00061-1999-AC,33504,,
00054-1999-AA,33505,,
00059-1998-AA,33506,,
00056-1999-AA,33507,,
00394-1998-AA,33508,,
00505-1999-AA,33509,,
00471-1998-AA,33510,,
00453-1998-AA,33511,,
00513-1998-AA,33512,,
00513-1999-AA,33513,,
00462-1999-AA,33514,,
00528-1998-AA,33515,,
00564-1999-AA,33516,,
00625-1999-AC,33517,,
00544-1999-AA,33518,,
00643-1999-AA,33519,,
00520-1999-AA,33520,,
00572-1997-AA,33521,,
00590-1999-HC,33522,,
00607-1999-HC,33523,,
00578-1999-HC,33524,,
00741-1999-AA,33525,,
00697-1999-AA,33526,,
00664-1998-AA,33527,,
00711-1999-AA,33528,,
00799-1999-AA,33529,,
00745-1998-AA,33530,,
00734-1998-AA,33531,,
00742-1999-AA,33532,,
00836-1999-HC,33533,,
00738-1997-AA,33534,,
00781-1998-AA,33535,,
00722-1998-AA,33536,,
00809-1999-AA,33537,,
00733-1998-AA,33538,,
00698-1999-AA,33539,,
00657-1999-AC,33540,,
00694-1999-AA,33541,,
00729-1998-AC,33542,,
00811-1999-AA,33543,,
00555-1998-AA,33544,,
01072-1998-AA,33545,,
01072-1999-HC,33546,,
01185-1997-AA,33547,,
01097-1999-AA,33548,,
01237-1997-AA,33549,,
01218-1997-AA,33550,,
00501-1999-AA,33551,,
00882-1999-AA,33552,,
00622-1997-AA,33553,,
01290-1997-AA,33554,,
01220-1997-AC,33555,,
00980-1998-AC,33556,,
01026-1999-AA,33557,,
00902-1997-AA,33558,,
00998-1999-AA,33559,,
00970-1998-AA,33560,,
00996-1999-AA,33561,,
00938-1999-HC,33562,,
00899-1997-AA,33563,,
00984-1998-AC,33564,,
00927-1999-HC,33565,,
00693-1999-AA,33566,,
00700-1999-AA,33567,,
00626-1999-AA,33568,,
01122-1997-AA,33569,,
00529-1999-AA,33570,,
00624-1999-AA,33571,,
00566-1998-AA,33572,,
01184-1999-HC,33573,,
00634-1998-AA,33574,,
01149-1999-HC,33575,,
01236-1997-AA,33576,,
01230-1999-HC,33577,,
01091-1998-AA,33578,,
00708-1998-AC,33579,,
01150-1999-HC,33580,,
00670-1999-AA,33581,,
00701-1999-AA,33582,,
01300-1999-HC,33583,,
01279-1999-HC,33584,,
01281-1999-HC,33585,,
00752-1999-AA,33586,,
00744-1999-AA,33587,,
00856-1999-AA,33588,,
01130-1999-HC,33589,,
00904-1999-AA,33590,,
00867-1999-HC,33591,,
00944-1999-AA,33592,,
00652-1998-AA,33593,,
00649-1998-AA,33594,,
00650-1998-AA,33595,,
01185-1999-HC,33596,,
00763-1999-AA,33597,,
00627-1998-AA,33598,,
00371-1999-AA,33599,,
00479-1998-AA,33600,,
00445-1998-AA,33601,,
00775-1998-AA,33602,,
00341-1998-AA,33603,,
00323-1999-AA,33604,,
00714-1999-AA,33605,,
00738-1999-AA,33606,,
00079-1997-AA,33607,,
00959-1996-AA,33608,,
00987-1997-AA,33609,,
00519-1998-AA,33610,,
00675-1998-AA,33611,,
00689-1998-AA,33612,,
00697-1998-AA,33613,,
00453-1999-AA,33614,,
01082-1998-AA,33615,,
00517-1999-AC,33616,,
01113-1999-AC,33617,,
01149-1998-AA,33618,,
01125-1998-AA,33620,,
01126-1998-AA,33621,,
01090-1999-AA,33622,,
01092-1999-AA,33623,,
01108-1997-AA,33624,,
01129-1998-AA,33625,,
01128-1998-AA,33626,,
00112-1999-AA,33627,,
00663-1999-AA,33628,,
00120-1999-AA,33629,,
00121-1999-AA,33630,,
00102-1999-AA,33631,,
01267-1999-AA,33632,,
00321-1999-AA,33633,,
00234-1999-AA,33634,,
00819-1998-AA,33635,,
00758-1999-AA,33636,,
00942-1999-AA,33637,,
01054-1997-AA,33638,,
00963-1999-AA,33639,,
00922-1998-AA,33640,,
00924-1998-AA,33641,,
00655-1997-AA,33642,,
01022-1999-AA,33643,,
01112-1999-AA,33644,,
01157-1998-AA,33645,,
00778-1998-AA,33646,,
00236-1999-AA,33647,,
00142-1998-AA,33648,,
00140-1998-AA,33649,,
00128-1998-AA,33650,,
00166-1998-AA,33651,,
00260-1999-AA,33652,,
00249-1998-AC,33653,,
00212-1999-AA,33654,,
00261-1998-AA,33655,,
00262-1999-AA,33656,,
00227-1999-AA,33657,,
00228-1999-AA,33658,,
00507-1998-AA,33659,,
01105-1999-AA,33660,,
00540-1998-AA,33661,,
00880-1999-AA,33662,,
00881-1999-AA,33663,,
00877-1999-AA,33664,,
00876-1999-AA,33665,,
00912-1998-AC,33666,,
00636-1996-AA,33667,,
01099-1999-AA,33668,,
00807-1998-AA,33669,,
00216-1999-AA,33670,,
00841-1998-AC,33671,,
00320-1998-AA,33672,,
00782-1998-AA,33673,,
01115-1999-AA,33674,,
01070-1998-AA,33675,,
00728-1998-AA,33676,,
00070-2000-HC,33677,,
00043-2000-HC,33678,,
01048-1997-AA,33679,,
00464-1999-AA,33680,,
01048-1998-HD,33681,,
00033-2000-HC,33682,,
01211-1999-AA,33683,,
00354-1999-AA,33684,,
00478-1998-AA,33685,,
00465-1999-AA,33686,,
01080-1998-AA,33687,,
01127-1999-AA,33688,,
00467-1999-AA,33689,,
00469-1999-AA,33690,,
00440-1998-AA,33691,,
00466-1999-AA,33692,,
00504-1999-AA,33693,,
00113-1999-AA,33694,,
00208-1999-AA,33695,,
01273-1997-AA,33696,,
01257-1999-AA,33697,,
00258-1999-AA,33698,,
01146-1999-AA,33699,,
01152-1998-AC,33700,,
00029-1998-AC,33701,,
00889-1998-AA,33702,,
00935-1999-AA,33703,,
00949-1997-AA,33704,,
00605-1997-AA,33705,,
00636-1998-AC,33706,,
00579-1998-AA,33707,,
00600-1999-AA,33708,,
00387-1999-AA,33709,,
01305-1999-AA,33710,,
00919-1999-AA,33711,,
01258-1999-AA,33712,,
00279-1999-AA,33713,,
01306-1999-AA,33714,,
00712-1999-AA,33715,,
00845-1998-AA,33716,,
00709-1998-AA,33717,,
00316-1999-AA,33718,,
00252-1998-AA,33719,,
01070-1999-AA,33720,,
01175-1999-AC,33721,,
01100-1999-AA,33722,,
01156-1999-AA,33723,,
01196-1999-AA,33724,,
01148-1999-AC,33725,,
01206-1999-AA,33726,,
00031-1999-AA,33727,,
00930-1999-AA,33728,,
00589-1998-AA,33729,,
00595-1998-AA,33730,,
00580-1999-AA,33731,,
00587-1998-AA,33732,,
00670-1998-AA,33733,,
00599-1999-AA,33734,,
00398-1999-AA,33735,,
01079-1998-AA,33736,,
00205-1998-AA,33737,,
01264-1999-AA,33738,,
01250-1999-AA,33739,,
00745-1999-AA,33740,,
00748-1999-AA,33741,,
00783-1998-AA,33742,,
00806-1998-AA,33743,,
01094-1999-AA,33744,,
01204-1999-AA,33745,,
01102-1999-AA,33746,,
00035-1998-AA,33747,,
00060-1999-AA,33748,,
00003-1999-AA,33749,,
00860-1999-AA,33750,,
00943-1999-AA,33751,,
01013-1998-AC,33752,,
00999-1999-AA,33753,,
01041-1997-AA,33754,,
00930-1998-AA,33755,,
01046-1999-AA,33756,,
00699-1999-AA,33757,,
00591-1998-AA,33758,,
00520-1998-AA,33759,,
00548-1998-AA,33760,,
00596-1998-AA,33761,,
00704-1999-AA,33762,,
00098-1999-AA,33763,,
00423-1998-AA,33764,,
00869-1999-AA,33765,,
00879-1999-AA,33766,,
00225-1998-AA,33767,,
01316-1999-HC,33768,,
00302-1999-AA,33769,,
00768-1999-AA,33770,,
01162-1999-AA,33771,,
01147-1999-AA,33772,,
01152-1999-AA,33773,,
01210-1999-AC,33774,,
00063-1999-AA,33775,,
00024-1998-AA,33776,,
00706-1999-AA,33777,,
01313-1999-AA,33778,,
00497-1998-AA,33779,,
00703-1998-AA,33780,,
00692-1999-AA,33781,,
00915-1999-AA,33782,,
00747-1998-AA,33783,,
00793-1998-AA,33784,,
00808-1998-AA,33785,,
01132-1998-AA,33786,,
00852-1999-AA,33787,,
01145-1999-AA,33788,,
00990-1998-AA,33789,,
01063-1999-AC,33790,,
00706-1997-AA,33791,,
00871-1998-AA,33792,,
00593-1998-AA,33793,,
00695-1999-AA,33794,,
01083-1998-AA,33795,,
01144-1999-AA,33796,,
00557-1998-AA,33797,,
00665-1998-AA,33798,,
00484-1999-AA,33799,,
00141-2000-AC,33800,,
00304-1999-AA,33801,,
00267-1999-AA,33802,,
00300-1999-AA,33803,,
00854-1999-AA,33804,,
00855-1999-AA,33805,,
01205-1999-AA,33806,,
01009-1998-AA,33807,,
00604-1999-AA,33808,,
00870-1998-AA,33809,,
01023-1999-AA,33810,,
00488-1999-AA,33811,,
00630-1999-AA,33909,,
00409-1999-AA,33910,,
00347-1999-AA,33911,,
00475-1999-AC,33912,,
00829-1998-AA,33913,,
00226-1999-AA,33914,,
00246-1999-AA,33915,,
00114-1999-AA,33916,,
00107-1999-AA,33917,,
00560-1999-AA,33918,,
00878-1999-AA,33919,,
00585-1999-AA,33920,,
00696-1999-AA,33921,,
00870-1999-AA,33922,,
00903-1999-AA,33923,,
00691-1998-AA,33924,,
00001-1999-AA,33925,,
00074-1999-AA,33926,,
00014-1999-AA,33927,,
00059-2000-AA,33928,,
01005-1998-AA,33929,,
01006-1998-AA,33930,,
01006-1999-AA,33931,,
00057-1998-AA,33932,,
00926-1998-AA,33933,,
00923-1999-AA,33934,,
01002-1999-AA,33935,,
01143-1999-AC,33936,,
00111-1999-AA,33937,,
00111-1999-AA,33938,,
00181-1999-AA,33939,,
00181-1999-AA,33940,,
00145-1998-AA,33941,,
00009-1999-AA,33942,,
00009-1999-AA,33943,,
01007-1998-AA,33944,,
01114-1999-AA,33945,,
01007-1998-AA,33946,,
00256-1999-AA,33947,,
00247-1999-AA,33948,,
01077-1998-AA,33949,,
01077-1998-AA,33950,,
00214-1999-AA,33951,,
00214-1999-AA,33952,,
00184-1999-AA,33953,,
00184-1999-AA,33954,,
01084-1999-AA,33955,,
01084-1999-AA,33956,,
00019-1998-AA,33957,,
00019-1998-AA,33958,,
01045-1998-AA,33959,,
01045-1998-AA,33960,,
00567-1999-AC,33961,,
00567-1999-AC,33962,,
00640-1999-AA,33963,,
00608-1998-AA,33964,,
00608-1998-AA,33965,,
00628-1998-AA,33966,,
00584-1999-AA,33967,,
00584-1999-AA,33968,,
00711-1998-AA,33969,,
00711-1998-AA,33970,,
00756-1999-AA,33971,,
00756-1999-AA,33972,,
00311-1999-AA,33973,,
00311-1999-AA,33974,,
00272-1998-AA,33975,,
00272-1998-AA,33976,,
00743-1999-AA,33977,,
00743-1999-AA,33978,,
00730-1998-AA,33979,,
00730-1998-AA,33980,,
00730-1999-AA,33981,,
00730-1999-AA,33982,,
00339-1999-AC,33983,,
00435-1999-AA,33984,,
00435-1999-AA,33985,,
00401-1999-AA,33986,,
00362-1999-AA,33987,,
00362-1999-AA,33988,,
00363-1999-AA,33989,,
00496-1999-AA,33990,,
00496-1999-AA,33991,,
00431-1999-AA,33992,,
00431-1999-AA,33993,,
00457-1999-AA,33994,,
00457-1999-AA,33995,,
00433-1999-AA,33996,,
00769-1998-AC,33997,,
00769-1998-AC,33998,,
00295-1999-AA,33999,,
00762-1997-AA,34000,,
00762-1997-AA,34001,,
01082-1999-AA,34002,,
01082-1999-AA,34003,,
01067-1999-AA,34004,,
01067-1999-AA,34005,,
01118-1999-AA,34006,,
01118-1999-AA,34007,,
01179-1999-AA,34008,,
01179-1999-AA,34009,,
00454-1998-AC,34010,,
00454-1998-AC,34011,,
00421-1999-AA,34012,,
00357-1999-HC,34013,,
00421-1999-AA,34014,,
00430-1999-AA,34015,,
00029-1999-AA,34016,,
01055-1999-AA,34017,,
00988-1999-AA,34018,,
00955-1999-AA,34019,,
01040-1998-AA,34020,,
01266-1999-AA,34021,,
01266-1999-AA,34022,,
01192-1999-AA,34023,,
00827-1999-AC,34024,,
00827-1999-AC,34025,,
00823-1999-AA,34026,,
00823-1999-AA,34027,,
00022-2000-AA,34028,,
00022-2000-AA,34029,,
00883-1999-AC,34030,,
00883-1999-AC,34031,,
00893-1999-AA,34032,,
00893-1999-AA,34033,,
00928-1999-AA,34034,,
00928-1999-AA,34035,,
00666-1999-AA,34036,,
00581-1999-AA,34037,,
00179-2000-HC,34038,,
00179-2000-HC,34039,,
00846-1999-AA,34040,,
00846-1999-AA,34041,,
00788-1999-AA,34042,,
00788-1999-AA,34043,,
00786-1999-AA,34044,,
00786-1999-AA,34045,,
00787-1999-AA,34046,,
00787-1999-AA,34047,,
00820-1999-AA,34048,,
00782-1999-AA,34049,,
00782-1999-AA,34050,,
00372-1999-AA,34051,,
00372-1999-AA,34052,,
00424-1999-AC,34053,,
00307-1999-AA,34054,,
00307-1999-AA,34055,,
01033-1999-AA,34056,,
00121-2000-HC,34057,,
00121-2000-HC,34058,,
00796-1999-AA,34059,,
00796-1999-AA,34060,,
00076-1999-AA,34061,,
00076-1999-AA,34062,,
01064-1999-AA,34063,,
01064-1999-AA,34064,,
00736-1998-AA,34065,,
00736-1998-AA,34066,,
00772-1999-AA,34067,,
00772-1999-AA,34068,,
01165-1999-AA,34069,,
01165-1999-AA,34070,,
01089-1999-AA,34071,,
01089-1999-AA,34072,,
00408-1999-AA,34073,,
00408-1999-AA,34074,,
00487-1998-AC,34075,,
00487-1998-AC,34076,,
01304-1999-AA,34077,,
01304-1999-AA,34078,,
01311-1999-AA,34079,,
01311-1999-AA,34080,,
00047-2000-AA,34081,,
00047-2000-AA,34082,,
00086-1996-HD,34083,,
00086-1996-HD,34084,,
00864-1999-AA,34085,,
00864-1999-AA,34086,,
01093-1999-AA,34087,,
01093-1999-AA,34088,,
00865-1999-AA,34089,,
00865-1999-AA,34090,,
00935-1998-AA,34091,,
00935-1998-AA,34092,,
00565-1999-AC,34093,,
00565-1999-AC,34094,,
00605-1999-AC,34095,,
00605-1999-AC,34096,,
00554-1999-AA,34097,,
00554-1999-AA,34098,,
00621-1999-AA,34099,,
00621-1999-AA,34100,,
00134-1999-AA,34101,,
00134-1999-AA,34102,,
01314-1999-AA,34103,,
01314-1999-AA,34104,,
00244-1999-AC,34105,,
00244-1999-AC,34106,,
01263-1999-AA,34107,,
01263-1999-AA,34108,,
00708-1999-AA,34109,,
00708-1999-AA,34110,,
00812-1997-AA,34111,,
00812-1997-AA,34112,,
01131-1998-AC,34113,,
01131-1998-AC,34114,,
01107-1999-HC,34115,,
01107-1999-HC,34116,,
00393-1998-AA,34117,,
00393-1998-AA,34118,,
00031-1998-AA,34119,,
00031-1998-AA,34120,,
00303-1999-AC,34121,,
00303-1999-AC,34122,,
00133-2000-AA,34123,,
00133-2000-AA,34124,,
00132-2000-AC,34125,,
00132-2000-AC,34126,,
00193-1999-AA,34127,,
00193-1999-AA,34128,,
00277-1998-AA,34129,,
00679-1999-AA,34130,,
00679-1999-AA,34131,,
01110-1999-AA,34132,,
00384-1999-AC,34133,,
00384-1999-AC,34134,,
01010-1999-AA,34135,,
01010-1999-AA,34136,,
00945-1999-AC,34137,,
00945-1999-AC,34138,,
00779-1999-AA,34139,,
00779-1999-AA,34140,,
00601-1998-AA,34141,,
00601-1998-AA,34142,,
00755-1999-AA,34143,,
00750-1999-AA,34144,,
00750-1999-AA,34145,,
00922-1999-AA,34146,,
00922-1999-AA,34147,,
01065-1997-AA,34148,,
00854-1998-AA,34149,,
00854-1998-AA,34150,,
01091-1999-AA,34151,,
00019-2000-HC,34152,,
00019-2000-HC,34153,,
00023-2000-AA,34154,,
00023-2000-AA,34155,,
01288-1999-AA,34156,,
00864-1998-AA,34157,,
00864-1998-AA,34158,,
01008-1998-AA,34159,,
00676-1999-AA,34160,,
00676-1999-AA,34161,,
00619-1999-AA,34162,,
00619-1999-AA,34163,,
00904-1998-AA,34164,,
00904-1998-AA,34165,,
00084-2000-AA,34166,,
00906-1998-AA,34167,,
00897-1998-AA,34168,,
00969-1999-AA,34169,,
00660-1999-AC,34170,,
00667-1999-AA,34171,,
00157-2000-AA,34172,,
00844-1999-AA,34173,,
00213-1999-AA,34174,,
00335-1999-AA,34175,,
00308-1999-AA,34176,,
00779-1998-AA,34177,,
01214-1999-AA,34178,,
00724-1998-AC,34179,,
01148-1998-AC,34180,,
00350-1999-AA,34181,,
00359-1999-AA,34182,,
00089-2000-AA,34183,,
01137-1999-AC,34184,,
00538-1998-AA,34185,,
00795-1999-AA,34186,,
00052-1998-AA,34187,,
00848-1999-AA,34188,,
00259-1999-AA,34189,,
00219-1999-AA,34190,,
00765-1999-AA,34191,,
00759-1999-AA,34192,,
00761-1999-AA,34193,,
01136-1999-AA,34194,,
00018-1999-AA,34195,,
01050-1999-AA,34196,,
00859-1999-AC,34197,,
00954-1999-AA,34198,,
00358-1999-AA,34199,,
00475-1998-AA,34200,,
00099-1998-AA,34201,,
00802-1999-AA,34202,,
00777-1999-AA,34203,,
00589-1999-AA,34204,,
00945-1998-AA,34205,,
00566-1999-AA,34206,,
00947-1999-AA,34207,,
00003-2000-AA,34208,,
01245-1999-AA,34209,,
00412-1999-AA,34210,,
00713-1999-AA,34211,,
00875-1999-AA,34212,,
01197-1999-AA,34213,,
00062-1998-AA,34214,,
00988-1998-AA,34215,,
00952-1999-AA,34216,,
00312-1998-AA,34217,,
00389-1999-AA,34218,,
00144-2000-AA,34219,,
00341-1999-AA,34220,,
00097-2000-AA,34221,,
00151-1999-AA,34222,,
00840-1999-AA,34223,,
00747-1999-AC,34224,,
00312-1999-AA,34225,,
00734-1999-AA,34226,,
00817-1999-AA,34227,,
00727-1999-AA,34228,,
00722-1999-AA,34229,,
00718-1999-AA,34230,,
00776-1999-AA,34231,,
00816-1999-AA,34232,,
01190-1999-AA,34233,,
01155-1999-AA,34234,,
01139-1999-AA,34235,,
01170-1999-AA,34236,,
01187-1999-AA,34237,,
00002-1999-AA,34238,,
00067-2000-AA,34239,,
00006-2000-AA,34240,,
00886-1999-AA,34241,,
00948-1998-AA,34242,,
00437-1999-AA,34243,,
00499-1998-AA,34244,,
00661-1999-AA,34245,,
00492-1999-AA,34246,,
00507-1999-AA,34247,,
00160-1999-AA,34248,,
01298-1999-AA,34249,,
00843-1998-AA,34250,,
00262-2000-AA,34251,,
00742-1997-AA,34252,,
00813-1999-AA,34253,,
00085-2000-AA,34254,,
01008-1999-AA,34255,,
00998-1997-AA,34256,,
00937-1999-AA,34257,,
00939-1998-AC,34258,,
00545-1999-AA,34259,,
00556-1999-AA,34260,,
01241-1999-AA,34261,,
01212-1999-AA,34262,,
00439-1998-AA,34263,,
00406-1999-AC,34264,,
00436-1999-AA,34265,,
00400-1999-AA,34266,,
00387-1997-AC,34267,,
01244-1999-AC,34268,,
00166-1999-AA,34269,,
01315-1999-AA,34270,,
00152-1999-AA,34271,,
01307-1999-AA,34272,,
01262-1999-AC,34273,,
00794-1999-AA,34274,,
00295-1996-AA,34275,,
00824-1999-AA,34276,,
00825-1999-AA,34277,,
00814-1999-AA,34278,,
00783-1999-AA,34279,,
00721-1999-AA,34280,,
01120-1999-AA,34281,,
00031-2000-AA,34282,,
00890-1999-AA,34283,,
00926-1999-AA,34284,,
00654-1999-AA,34285,,
00537-1999-AA,34286,,
00658-1999-AA,34287,,
00921-1998-AA,34288,,
01127-1998-AA,34289,,
00195-2000-AA,34290,,
00542-1999-AA,34291,,
01025-1999-AA,34292,,
00696-1998-AA,34293,,
00707-1999-AA,34294,,
00565-1998-AA,34295,,
00648-1999-AA,34296,,
00896-1999-AA,34297,,
00924-1999-AA,34298,,
00885-1999-AA,34299,,
01039-1999-AA,34300,,
01038-1999-AA,34301,,
00914-1999-AA,34302,,
00933-1999-AA,34303,,
01004-1999-AA,34304,,
00183-1999-AA,34305,,
00839-1999-AA,34306,,
00709-1999-AA,34307,,
01213-1999-AA,34308,,
00739-1998-AA,34309,,
01083-1999-AA,34310,,
01176-1999-AC,34311,,
01178-1999-AC,34312,,
01203-1999-AA,34313,,
01229-1999-AC,34314,,
01125-1999-AA,34315,,
00016-2000-HC,34316,,
00072-2000-AA,34317,,
00907-1999-AC,34318,,
01198-1999-AA,34319,,
01242-1999-AA,34320,,
00618-1999-AA,34321,,
00062-1999-AA,34322,,
00985-1998-AA,34323,,
00080-2000-AA,34324,,
00079-2000-AA,34325,,
00158-1999-AA,34326,,
00597-1999-AA,34327,,
00838-1999-AA,34328,,
00208-2000-AA,34329,,
00917-1999-AA,34330,,
00342-1999-AA,34331,,
00055-2000-HC,34332,,
00156-1999-AA,34333,,
00956-1999-AA,34334,,
01277-1999-AC,34335,,
00828-1999-AA,34336,,
01138-1999-AA,34337,,
00655-1999-AA,34338,,
00639-1999-AA,34339,,
00953-1999-AA,34340,,
01159-1999-AC,34341,,
00423-1999-AC,34342,,
00438-1999-AA,34343,,
00393-2000-HC,34344,,
00361-2000-AA,34345,,
01269-1999-AA,34346,,
01043-1999-AA,34347,,
01286-1999-AA,34348,,
00897-1999-AA,34349,,
00982-1999-AA,34350,,
00552-1999-AA,34351,,
00212-2000-AA,34352,,
00719-1999-AA,34353,,
00232-1999-AA,34354,,
01226-1999-AA,34355,,
00258-2000-HC,34356,,
00171-2000-HC,34357,,
00190-2000-AA,34358,,
00192-1999-AA,34359,,
00113-2000-AA,34360,,
00176-2000-AA,34361,,
00140-2000-AA,34362,,
00139-1999-AA,34363,,
00107-2000-AA,34364,,
00341-2000-AA,34365,,
00459-1999-AA,34366,,
01134-1999-AA,34367,,
01104-1999-AA,34368,,
01140-1999-AA,34369,,
00130-1999-AA,34370,,
00200-2000-AA,34371,,
00134-2000-AA,34372,,
00280-1999-AA,34373,,
01272-1999-AA,34374,,
01280-1999-AC,34375,,
01282-1999-AA,34376,,
01274-1999-AA,34377,,
01254-1999-AA,34378,,
00210-2000-AC,34379,,
00218-2000-AA,34380,,
00255-1999-AA,34381,,
00294-2000-AA,34382,,
00766-1999-AA,34383,,
00731-1999-AA,34384,,
00021-2000-AA,34385,,
00960-1999-AA,34386,,
00983-1999-AC,34387,,
00691-1999-AC,34388,,
00642-1999-AA,34389,,
00144-1998-AA,34390,,
00112-2000-AC,34391,,
01153-1999-AA,34392,,
00100-2000-AA,34393,,
00100-1999-AA,34394,,
00180-1999-AA,34395,,
00142-2000-AA,34396,,
00602-1999-AA,34397,,
00562-1998-HD,34398,,
01028-1999-AC,34399,,
00895-1999-AA,34400,,
00934-1999-AA,34401,,
00892-1999-AA,34402,,
00910-1999-AA,34403,,
01034-1999-AA,34404,,
00884-1999-AA,34405,,
00057-2000-AA,34406,,
01054-1999-AA,34407,,
00010-2000-AA,34408,,
00026-2000-AA,34409,,
00004-2000-AA,34410,,
00061-2000-AA,34411,,
00086-2000-AC,34412,,
00017-2000-AA,34413,,
00013-2000-AA,34414,,
00739-1997-AA,34415,,
01174-1999-AA,34416,,
00769-1999-AA,34417,,
00822-1999-AA,34418,,
00821-1998-AA,34419,,
00296-1999-AA,34420,,
00849-1998-AC,34421,,
00213-2000-AA,34422,,
00798-1999-AA,34423,,
00122-1999-AA,34424,,
00117-2000-AA,34425,,
00137-1999-AA,34426,,
00099-1999-AA,34427,,
00338-2000-HC,34428,,
01201-1999-HC,34429,,
00414-1999-AA,34430,,
01069-1999-AC,34431,,
00830-1999-AA,34432,,
01189-1999-AA,34433,,
00557-1999-AA,34434,,
00636-1999-AA,34435,,
00645-1999-AA,34436,,
00608-1999-AA,34437,,
00686-1998-AA,34438,,
00615-1999-AA,34439,,
00575-1999-AC,34440,,
00624-1998-AA,34441,,
00606-1999-AA,34442,,
00553-1999-AC,34443,,
00536-1999-AA,34444,,
00899-1998-AC,34445,,
01017-1999-AC,34446,,
01016-1999-AA,34447,,
01043-1998-AA,34448,,
00907-1998-AA,34449,,
01051-1999-AA,34450,,
00051-1999-AA,34451,,
00785-1999-AA,34452,,
01193-1999-AA,34453,,
01065-1999-AA,34454,,
00829-1999-AA,34455,,
00847-1999-AA,34456,,
00233-2000-HC,34457,,
00792-1999-AA,34458,,
00801-1999-AA,34459,,
00842-1999-AA,34460,,
00298-1999-AA,34461,,
00207-1999-AC,34462,,
01283-1999-AA,34463,,
01278-1999-AA,34464,,
00327-2000-AA,34465,,
00583-1999-AA,34466,,
00216-2000-AA,34467,,
00690-1999-AC,34468,,
00365-1999-AA,34469,,
00355-1999-AA,34470,,
00359-2000-HC,34471,,
00344-2000-HC,34472,,
00402-1999-AA,34473,,
00384-2000-AA,34474,,
00356-1999-AA,34475,,
00445-1999-AA,34476,,
01243-1999-AA,34477,,
00470-1999-AA,34478,,
01104-1998-AA,34479,,
00702-1999-AA,34480,,
00771-1999-AA,34481,,
00434-1999-AA,34482,,
00093-2000-AA,34483,,
00263-1999-AA,34484,,
00286-2000-HC,34485,,
00055-1999-AA,34486,,
00443-1999-AA,34487,,
00446-1999-AA,34488,,
00480-1999-AA,34489,,
00352-1999-AA,34490,,
01265-1999-AA,34491,,
01052-1999-AA,34492,,
00986-1999-AA,34493,,
01077-1999-AC,34494,,
00793-1999-AA,34495,,
00593-1999-AC,34496,,
00595-1999-AA,34497,,
00348-1999-AC,34498,,
00377-2000-AA,34499,,
00665-1999-AA,34500,,
00991-1999-AA,34501,,
00432-1999-AA,34502,,
00348-2000-AA,34503,,
00173-2000-AA,34504,,
00126-2000-HC,34505,,
00269-2000-AA,34506,,
00232-2000-HC,34507,,
00096-2000-AA,34508,,
00920-1999-AA,34509,,
00688-1999-AA,34510,,
00797-1999-AA,34511,,
00683-1999-AA,34512,,
00736-1999-AA,34513,,
00889-1999-AA,34514,,
00439-1999-AA,34515,,
00205-2000-AA,34516,,
00739-1999-AA,34517,,
00770-1999-AA,34518,,
00857-1999-AA,34519,,
00737-1999-AA,34520,,
00951-1999-AA,34521,,
00563-1999-AA,34522,,
00716-1999-AC,34523,,
01168-1999-AA,34524,,
01075-1999-AA,34525,,
01120-1998-AA,34526,,
00995-1999-AA,34527,,
01251-1999-AA,34528,,
01253-1999-AA,34529,,
01247-1999-AA,34530,,
01270-1999-AA,34531,,
01024-1999-AA,34532,,
00130-2000-AA,34533,,
00037-2000-AA,34534,,
01232-1999-AC,34535,,
00153-2000-AA,34536,,
01076-1999-AA,34537,,
01119-1999-AA,34538,,
00723-1999-AA,34539,,
00131-2000-AA,34540,,
00235-2000-HC,34541,,
00145-2000-AA,34542,,
00467-2000-AC,34543,,
00630-2000-AA,34544,,
00579-1999-AA,34545,,
01252-1999-AA,34546,,
01171-1999-AA,34547,,
00220-2000-AA,34548,,
00226-2000-AA,34549,,
00264-2000-AA,34550,,
00295-2000-AA,34551,,
01188-1999-AA,34552,,
01074-1999-AA,34553,,
01124-1999-AA,34554,,
00426-2000-HC,34555,,
00354-2000-AA,34556,,
00050-2000-AA,34557,,
00036-2000-AA,34558,,
00091-2000-AC,34559,,
00029-2000-AC,34560,,
00058-2000-AA,34561,,
01015-1999-AA,34562,,
01019-1999-HC,34563,,
01013-1999-AA,34564,,
00992-1999-AA,34565,,
01042-1999-AA,34566,,
00929-1999-AC,34567,,
00568-2000-HC,34568,,
00156-2000-AA,34569,,
00185-2000-AA,34570,,
00154-2000-AA,34571,,
00106-2000-AA,34572,,
00162-2000-AC,34573,,
00241-2000-AA,34574,,
00304-2000-AA,34575,,
01256-1999-AA,34576,,
00312-2000-AA,34577,,
00127-2000-AA,34579,,
00519-2000-HC,34580,,
00863-1999-AA,34581,,
00862-1999-AA,34582,,
00007-2000-AA,34583,,
00035-2000-AA,34584,,
00724-1999-AC,34585,,
01081-1999-AA,34586,,
00807-1999-AA,34587,,
00331-2000-AA,34588,,
00851-1999-AA,34589,,
01111-1999-AA,34590,,
01209-1999-AA,34591,,
01040-1999-AA,34592,,
00872-1999-AA,34593,,
00905-1999-AA,34594,,
00669-1999-AA,34595,,
00968-1999-AA,34596,,
00634-1999-AC,34597,,
00843-1999-AC,34598,,
01158-1999-AA,34599,,
01225-1999-AA,34600,,
00784-2000-AA,34601,,
00473-1999-AA,34602,,
00474-1999-AA,34603,,
00455-2000-AA,34604,,
00497-2000-HC,34605,,
00611-2000-HC,34606,,
00462-2000-HC,34607,,
00471-2000-HC,34608,,
00540-1999-AA,34609,,
00608-2000-AA,34610,,
00548-2000-HC,34611,,
00451-2000-AA,34612,,
00419-2000-AA,34613,,
00420-2000-AA,34614,,
00316-2000-AA,34615,,
00410-2000-AC,34616,,
00317-2000-AA,34617,,
00477-1999-AA,34618,,
00447-1999-AA,34619,,
00252-2000-AA,34620,,
01135-1999-AA,34621,,
00414-2000-AA,34622,,
00429-2000-AA,34623,,
00712-2000-HC,34624,,
00311-2000-AA,34625,,
00051-2000-AA,34626,,
00094-2000-AA,34627,,
00609-2000-AA,34628,,
00285-2000-AA,34629,,
00614-2000-AA,34630,,
00164-1999-AA,34631,,
00143-2000-AA,34632,,
00129-2000-AA,34633,,
00668-2000-HC,34634,,
00174-2000-AC,34635,,
00178-2000-AA,34636,,
00452-1999-AA,34637,,
00694-2000-HC,34638,,
00343-2000-AA,34639,,
00780-1999-AA,34640,,
00790-1999-AA,34641,,
00805-1999-AA,34642,,
00252-1999-AA,34643,,
00775-1999-AA,34644,,
01219-1999-AA,34645,,
01220-1999-AA,34646,,
00729-1999-AA,34647,,
01122-1999-AA,34648,,
01068-1999-AA,34649,,
01233-1999-AA,34650,,
01164-1999-AA,34651,,
01166-1999-AA,34652,,
01217-1999-AA,34653,,
01218-1999-AA,34654,,
00499-1999-AA,34655,,
00455-1999-AA,34656,,
00340-2000-AA,34657,,
00376-2000-AA,34658,,
00109-2000-AA,34659,,
00148-2000-AA,34660,,
00192-2000-AA,34661,,
00204-2000-AA,34662,,
00239-1997-AA,34663,,
00330-2000-AA,34664,,
00243-2000-AA,34665,,
00237-1999-AA,34666,,
00237-2000-HC,34667,,
00123-2000-AA,34668,,
00841-1999-AC,34669,,
01294-1999-AA,34670,,
01308-1999-AA,34671,,
01255-1999-AA,34672,,
00275-2000-AA,34673,,
00276-2000-AA,34674,,
00333-2000-AA,34675,,
00754-1999-AA,34676,,
00298-2000-AA,34677,,
00310-2000-AA,34678,,
00230-2000-HC,34679,,
00273-2000-AA,34680,,
00228-2000-AA,34681,,
00271-2000-AA,34682,,
00256-2000-AA,34683,,
00222-2000-AA,34684,,
00314-2000-AA,34685,,
00313-2000-AA,34686,,
00307-2000-AA,34687,,
00997-1999-AA,34688,,
00012-2000-AC,34689,,
00008-2000-AA,34690,,
00899-1999-AA,34691,,
00980-1999-AA,34692,,
01044-1999-AA,34693,,
00616-1999-AA,34694,,
00591-1999-AA,34695,,
00644-1996-AA,34696,,
00418-2000-AA,34697,,
00404-2000-AA,34698,,
00390-2000-AA,34699,,
00416-2000-AA,34700,,
00439-2000-AA,34701,,
00979-1999-AA,34702,,
00726-1999-AA,34703,,
00658-2000-AA,34704,,
01180-1999-AA,34705,,
01157-1999-AA,34706,,
00002-2000-AA,34707,,
00781-1999-AA,34708,,
00147-2000-AA,34709,,
00308-2000-AA,34710,,
00116-2000-AA,34711,,
00259-2000-AC,34712,,
00110-2000-AA,34713,,
00211-2000-AA,34714,,
00255-2000-AA,34715,,
00223-2000-AA,34716,,
00809-2000-AA,34717,,
00024-2000-AA,34718,,
00250-2000-AA,34719,,
00115-1999-AA,34720,,
00421-2000-AA,34721,,
00532-1999-AA,34722,,
00477-2000-AC,34723,,
00356-2000-AA,34724,,
00357-2000-AA,34725,,
00369-2000-AC,34726,,
00399-2000-AA,34727,,
00366-1999-AC,34728,,
00387-2000-AA,34729,,
00818-1999-AA,34730,,
00789-1999-AA,34731,,
00789-2000-AA,34732,,
00309-2000-AA,34733,,
00827-2000-AA,34734,,
01133-1999-AA,34735,,
00852-2000-HC,34736,,
00391-2000-AA,34737,,
00415-2000-AA,34738,,
00472-2000-AA,34739,,
00454-1999-AA,34740,,
00371-2000-AA,34741,,
00426-1999-AA,34742,,
00664-1999-AA,34743,,
00618-2000-AA,34744,,
00183-2000-AA,34745,,
00323-2000-AA,34746,,
00240-2000-AA,34747,,
00326-2000-AC,34748,,
00329-2000-AA,34749,,
00150-2000-AA,34750,,
00266-1999-AA,34751,,
00248-1999-AA,34752,,
00290-2000-AA,34753,,
00802-2000-AC,34754,,
00708-2000-AA,34755,,
00710-1999-AA,34756,,
00299-2000-AA,34757,,
00077-1999-AA,34758,,
00069-2000-AA,34759,,
00859-2000-HC,34760,,
00941-1999-AA,34761,,
00932-1999-AA,34762,,
00909-1999-AA,34763,,
00912-1999-AA,34764,,
00893-2000-HC,34765,,
01062-1999-AA,34766,,
00656-1999-AA,34767,,
00700-2000-HC,34768,,
00569-2000-AA,34769,,
00534-2000-AA,34770,,
00705-2000-HC,34771,,
00949-1999-AA,34772,,
00950-1999-AA,34773,,
00576-2000-AA,34774,,
00868-1999-AA,34775,,
00516-1999-AA,34776,,
00424-2000-AA,34777,,
00977-1999-AA,34778,,
00974-1999-AA,34779,,
01030-1999-AA,34780,,
00959-1999-AA,34781,,
01126-1999-AA,34782,,
01058-1999-AA,34783,,
01183-1997-AA,34784,,
01181-1999-AA,34785,,
01177-1999-AA,34786,,
01235-1999-AA,34787,,
01228-1999-AA,34788,,
01123-1999-AA,34789,,
01259-1999-AA,34790,,
01295-1999-AA,34791,,
01036-1999-AA,34792,,
01037-1999-AA,34793,,
01215-1999-AA,34794,,
00383-2000-AA,34795,,
00373-2000-AA,34796,,
00166-2000-AA,34797,,
00064-2000-AA,34798,,
01302-1999-AC,34799,,
01303-1999-AA,34800,,
00289-2000-AA,34801,,
00219-2000-AA,34802,,
00305-2000-AA,34803,,
00401-2000-AA,34804,,
00452-2000-AA,34805,,
00917-2000-HC,34806,,
00388-2000-AA,34807,,
00441-2000-AA,34808,,
00487-2000-AA,34809,,
01223-1999-AA,34810,,
00820-2000-AA,34811,,
00671-2000-AA,34812,,
00739-2000-AA,34813,,
00898-1999-AA,34814,,
00987-1999-AA,34815,,
00720-1999-AA,34816,,
