numero_expediente,url_archivo_TC,url_archivo_original,tipo_expediente,motivos_demanda,sentido_resolucion,fundamentos
01090-997-HC,https://tc.gob.pe/jurisprudencia/1998/01090-1997-HC.pdf,data\sentencia-Extract\1998\sentencia-pdf-1998.csv,,,Improcedente,"['4. Que, el artículo 6º inciso 2) de la Ley N° 23506 -Ley de Hábeas Corpus y Amparo, establece: ""No proceden las acciones de garantía: ... 2) Contra resolución judicial emanada de un procedimiento regular; ..."".', '5. Que, el artículo 10º de la Ley N° 25398 -complementaria de la Ley N° 23506- señala ""Las anomalías que pudieran cometerse dentro del proceso regular al que se refiere el inciso 2) del artículo 6º de la Ley, deberán ventilarse y resolverse dentro de los mismos procesos mediante el ejercicio de los recursos que las normas procesales específicas establecen. ..."".']"
00361-1998.AA,https://tc.gob.pe/jurisprudencia/1999/00361-1998-AA.pdf,data\sentencia-Extract\1999\sentencia-pdf-1999.csv,,,Fundada/Infundada,"['6. Que si bien es cierto que el Decreto Ley Nº 26093 autoriza a los titulares de las entidades públicas a dictar las normas necesarias para su correcta aplicación, debe tenerse en cuenta que, de acuerdo al texto y espíritu del mismo, para el cese por excedencia debe darse, como condición sine qua non, la ejecución efectiva del programa de evaluación, en la forma establecida en las bases respectivas; ya que el mencionado dispositivo legal señala con toda precisión que “el personal que no califique podrá ser cesado por causal de excedencia”, calificación que evidentemente supone la ejecución de la evaluación. En consecuencia, al incluir la demandada en las bases que: “los trabajadores que decidan no someterse a la evaluación dispuesta serían cesados por causal de excedencia” ha rebasado los alcances del Decreto Ley Nº 26093. [...]', '8. Que, a mayor abundamiento, la Municipalidad demandada no ha respetado el plazo imperativo establecido en el Decreto Ley Nº 26093, esto es, que las evaluaciones se aplicarían con periodicidad semestral, puesto que la evaluación correspondiente al primer semestre se pretendió realizar en el mes de marzo de mil novecientos noventa y seis.']"
00151-19998-AA,https://tc.gob.pe/jurisprudencia/2000/00151-1998-AA.pdf,data\sentencia-Extract\2000\sentencia-pdf-2000.csv,,,Infundada,"['4. Que se aprecia de los actuados que las demandantes se sometieron al proceso de evaluación del personal en forma voluntaria; y que al no haber obtenido el puntaje necesario para su aprobación, fueron cesadas por causal de excedencia, en aplicación del dispositivo legal mencionado en el fundamento precedente.']"
02574.2004-AA,https://tc.gob.pe/jurisprudencia/2004/02574-2004-AA.pdf,data\sentencia-Extract\2004\sentencia-pdf-2004.csv,,"Con fecha 7 de julio del 2003, el recurrente interpone acción de amparo contra la Oficina de Normalización Previsional (ONP), solicitando que se declaren inaplicables la Resolución N.o 000004699-200l-0NP/DC/DL 18846, de fecha 31 de agosto de 2001, que declaró improcedente su solicitud de renta vitalicia, y la Resolución N.o 4864-2002- GO/ONP, expedida elIde noviembre de 2002, que declaró improcedente su recurso de ap l( ación, y que, en consecuencia, se expida una nueva resolución otorgándole renta v' alicia conforme al Decreto Ley N.o 18846. Manifiesta que trabajó en la empresa inera Shougang Hierro del Perú S.A.A. desde el 23 de julio de 1953 hasta el 30 de setiembre de 1989, en el Área de Mantenimiento Mecánico-Soldadura, realizando labores de distribución y control de personal, trabajo de reparación y fabricación de piezas; que, a consecuencia de ello, contrajo contrayendo la enfermedad profesional de neumoconiosis e hipoacusia neurosensorial irreversible. La ONP contesta la demanda solicitando que se la declare infundada, alegando que durante el período en que el actor laboró como obrero no se encontraba vigente el Decreto Ley N. ° 18846 ; que el Decreto Supremo N.o 002-72-TR fue modificado por el Decreto Supremo N.o 003-98-SA, de fecha 15 de mayo de 1998, precisándose que las enfennedades serian atendidas por los funcionarios competentes, es decir, en el caso del accionante, por la empleadora, Empresa Minera Shougang Hierro del Perú, la cual no tenía contrato suscrito con él. Asimismo, señala que, conforme al Reglamento del Decreto Ley N.O 18846, la enfermedad deberá ser declarada por la Comisión valuadora del IPSS, requisito no cumplido por el demandante. ~ El Tercer Juzgado Especializado en 10 Civil de lea, con fecha 10 de setiembre de 2003, declara infundada la demanda, por considerar que el certificado presentado por el demandante no ha sido otorgado por la entidad competente, según el Reglamento del Decreto Ley N.O 18846 La recurrida confirma la apelada por el mismo fundamento. •• , #',",Infundada,"['3. Con el certificado de trabajo expedido por la Empresa Minera del Shougang Hierro Perú S.A.A., que obra a fojas 5, se acredita que el demandante trabajó en el centro minero-metalúrgico a tajo abierto, desde el 23 de julio de 1953 hasta el 30 de setiembre de 1989, fecha en que dejó de prestar servicios por motivo de renuncia voluntaria.', '4. La copia simple del certificado médico particular que el actor adjunta a fojas 3 no acredita que padezca de una enfermedad profesional o que esté afectado de neumoconiosis (silicosis), ya que dicho certificado no tiene fecha de expedición y, además, no ha sido expedido por la entidad pertinente, esto es, por el Instituto Peruano de Seguridad Social o el Ministerio de Salud, como lo ha señalado este Tribunal en la sentencia recaída en el Exp. 1617-2004-AA/TC.', '5. Consecuentemente, al no haberse acreditado el padecimiento de la enfermedad profesional que aduce el demandante, la demandada, al denegarle la pensión de renta vitalicia, no ha vulnerado ningún derecho constitucional, careciendo de sustento la demanda.']"
02169-007-HD,https://tc.gob.pe/jurisprudencia/2008/02169-2007-HD.pdf,data\sentencia-Extract\2008\sentencia-pdf-2008.csv,,"Con fecha 8 de Marzo del 2006 don Manuel Antonio Álamo Coronado interpone demanda de hábeas data contra el Ministerio de Trabajo y Promoción del Empleo, solicitando se ordene a dicho organismo entregue al recurrente información sobre el r Expediente N° 515, concerniente a su solicitud de calificación por la Comisión Ejecutiva creada por el Artículo 6° de la Ley N° 27803, respecto del despido arbitrarlO bajo la forma I de cese irregular del que fue objeto. La información en referencia deberá contener copia del I Acta de Evaluación e Individualización realizada y los motivos que determinaron que no se le incluyera en los listados para el Registro Nacional de Trabajadores Irregularmente Despedidos. Refiere el recurrente que presentó su solicitud a la Comisión Ejecutiva para la calificación de su d spido con el objeto de ser incorporado a los listados previstos en la Ley N° 27803. Ello no stante, la citada Comisión no lo incorporó en ningún listado, motivo por el cual se en entra fuera del registro de trabajadores irregularmente despedidos sin conocer las cau s. Por consiguiente y en la lógica de conocer el modo y la forma como fue llevado a efe o el procedimiento en su caso, es que plantea el presente proceso, pues el recurrente noce de casos de otras personas que, pese a estar en su misma situación, sí han sido inco orados. El Ministerio de Trabajo y Promoción del Empleo a través de su Procurador Público contesta la demanda, señalando que la pretensión del demandante resulta inatendible ya que la Comisión Ejecutiva realizó sus actos de calificación en aplicación de lo dispuesto por la .'."""" nnr, Ley de Procedimientos Administrativos, cuyos Artículos 4.4 y 6.4.3 exoneran de motivación aquellos actos en que la autoridad administrativa produce una gran cantidad de actos administrativos de la misma naturaleza, permitiendo en todo caso la motivación única, que es lo que se ha dado en el presente supuesto y que se encuentra consignada no en forma personalizada sino en la Resolución de beneficiarios que se publicó en el diario oficial ""El Peruano"" el 2 de Octubre del 2004 (Resolución Suprema N° 034-2004-TR). El Tercer Juzgado en lo Civil de Chiclayo, con fecha 24 de Octubre del 2006, declara infundada la demanda interpuesta, fundamentalmente por considerar que la entidad demandada no posee la información solicitada. La recurrida revoca la apelada y declara improcedente la demanda, por considerar que la entidad encargada de realizar el trámite de evaluación no fue el Ministerio de Trabajo, sino la Comisión Ejecutiva creada al efecto.",Fundada,"['3. Aunque el demandante tiene todo el derecho de conocer el contenido del Expediente N° 515 formado como consecuencia de su solicitud, pretender que la información requerida debe contener una motivación detallada sobre por qué no fue incluido en el antes referido listado, no corresponde stricto sensu con el proceso de hábeas data, pues puede ocurrir que tal motivación no exista o que exista sólo parcialmente, debiéndose limitar la demandada a entregar la información requerida en los propios términos en los que aparece en el expediente. La razón de ser de esta premisa reside en el hecho de que la información pública obliga al Estado o a sus instituciones a proporcionarla a quien la requiere, pero no a producir información distinta o adicional a la ya existente. [...]', '5. Si, como afirma la emplazada, el trámite dispensado a su solicitud ha merecido un pronunciamiento único que no supone motivación y ello consta de dicha forma en su expediente, es esa información la que debe proporcionar al recurrente, quien en todo caso y a partir de lo que convenga a sus derechos, procederá como mejor corresponda.']"
10212- 2006-AA,https://tc.gob.pe/jurisprudencia/2008/10212-2006-AA.pdf,data\sentencia-Extract\2008\sentencia-pdf-2008.csv,,,Improcedente,"['6. Que, en consecuencia, si bien en los supuestos referidos al incumplimiento del Reglamento Interno de Trabajo, corresponde al juzgador evaluar si la causa de despido imputada puede ser subsumida en el supuesto previsto en el Reglamento Interno, y si ésta reviste gravedad (artículo 25, literal a del D.S. N.° 003-97-TR); la configuración del caso hace que su dilucidación requiera de una vía más lata en la que, a través de la actuación de medios probatorios, testimonios e informes periciales, se ventilen los hechos que, por estar relacionados con conocimientos técnicos en informática, puedan proporcionar al juzgador los elementos necesarios para determinar la vulneración aducida.', '7. Que al carecer la vía del amparo de estancia probatoria, no es posible para este Colegiado pronunciarse sobre el fondo de la presente controversia. Sin embargo queda a salvo el derecho de la recurrente para que lo haga valer, si así lo estima, en la vía correspondiente.']"
00645-20077-AA,https://tc.gob.pe/jurisprudencia/2009/00645-2007-AA.pdf,data\sentencia-Extract\2009\sentencia-pdf-2009.csv,,"Con fecha 22 de junio de 2005, la recurrente interpone demanda de amparo contra el Comité de Administración de ZOFRA TACNA, solicitando se deje sin efecto legal la Carta N.O 015-20005-GAF-ZOFRATACNA, de fecha 31 de mayo del 2005, mediante la cual se le comunica su despido; y que, por consiguiente, se la reincorpore en el cargo de Digitadora del Terminal Terrestre de la Gerencia de Operaciones y que se le pague las remuneraciones dejadas de percibir. Manifiesta que laboró desde el 27 de mayo del 2002 hasta el 31 de mayo de 2005, fecha en la que fue víctima de despido arbitrario; asimismo agrega que ha desempeñado labores de naturaleza permanente, dado que el cargo de digitadora es el cargo principal en el mencionado Terminal Terrestre, pese a lo cual se le hizo suscribir tratos de locación de servicios; que, aplicando el principio de primacía de la r Ida, el vínculo que tuvo con la emplazada fue de carácter laboral y no civil. ra Tacna y la Procurado a Pública a cargo de los asuntos judiciales del nisterio Comercio Exterior y Trismo contestan la demanda, separadamente, solicitando qu se la declare improcede e, expresando que la demandante no tenía una relación lab ral, sino civil; que no e despedida, sino que venció su contrato; y que existe una ía igualmente satisfact ia para la protección de los derechos constitucionales invocados en la demanda. Juzgado Civil de Tacna, con fecha ti- de julio del 2006, declaró improcedente emanda, por considerar que la vía del amparo no es idónea para resolver la pr s nt pretensión, puesto que carece de e t Ión probatoria. 111111111111111111111111111~lillllllll EXP. N.O 00645-2007-PAlTC TACNA GLADIS ELlZABETH oRÉ OLANO La recurrida confirma la apelada, por las mismas consideraciones.",Fundada/ Improcedente,"['6. Por lo tanto, habiéndose determinado que la demandante - al margen de lo consignado en el texto de los contratos de servicios no personales suscritos por las partes- ha desempeñado labores en forma subordinada y permanente, resulta de aplicación el principio de primacía de la realidad, en virtud del cual queda establecido que entre las partes existió una relación contractual de naturaleza laboral y no civil; por lo que la entidad emplazada, al haber despedido a la demandante sin expresarle una causa justa relacionada con su capacidad o conducta laboral que justifique dicha decisión, ha vulnerado su derecho constitucional al trabajo, razón por la que la demanda debe ser amparada.', '7. En cuanto al pedido de pago de las remuneraciones dejadas de percibir, resulta pertinente reiterar que éstas, por tener naturaleza resarcitoria y no restitutoria, no resultan amparables mediante el proceso de amparo, razón por la cual se deja a salvo el derecho del actor de acudir a la vía correspondiente.']"
03844-2011.AA,https://tc.gob.pe/jurisprudencia/2012/03844-2011-AA.pdf,data\sentencia-Extract\2012\sentencia-pdf-2012.csv,,"El recurrente, con fecha 26 de julio de 2010, interpone demanda de amparo contra la Oficina de Normalización Previsional (ONP) solicitando la inaplicación de la Resolución 1100-201 0-0NP!DPR.SC/Dli 18846, que declaró el abandono del trámite de la pensión; y que en consecuencia se le otorgue pensión de invalidez vitalicia por enfermedad profesional. Asimismo solicita el abono de los devengados, intereses legales, costas y costos del proceso. La emplazada contesta la demanda aduciendo que el demandante no se apersonó a la evaluación médica cuando se le notificó, que no le corresponde el beneficio de renta vitalicia ya que está destinado únicamente para trabajadores que laboran en condición de obreros y que el demandante tiene condición de empleado. El Segundo Juzgado Especializado en lo Civil de Paseo, con fecha 28 de e o de 201 O, declara infundada la demanda estimando que el demandante no ha acre tado durante el proceso que las enfermedades que padece hayan sido causada por la actividad laboral que desempeñaba. La Sala Superior competente confirma la apelada por con · erar que la evaluación médica del demandante se realizó después de 32 años apro madamente, lo que causa incertidumbre respecto del momento que adquirió su enfer ' d . l'RmUNAL CONSTITUCIONAL SALA2 FOJAS 036 ~llllllllllllllllll~llllllm ~111111'1 PASCO PABLO FERRUZO USURIAGA E el fundamento 37 de la STC 1417-2005-PA/TC, publicada en el diario oficial El P ruano el 12 de julio de 2005, este Tribunal ha señalado que forman parte del ontenido esencial directamente protegido por el derecho fundamental a la pensión as disposiciones legales que establecen los requisitos para su disfrute, y que la titularidad del derecho invocado debe estar suficientemente acreditada para que sea posible emitir un prommciamiento de mérito. Delimitación del petitorio El recurrente pretende que se le otorgue una pensión de invalidez vitalicia por enfermedad profesional, más el pago de los devengados e intereses legales. En consecuencia la pretensión demandada está comprendida en el supuesto previsto en el fundamento 37.b) de la citada sentencia, motivo por el cual corresponde analizar el fondo de la cuestión controvertida. § Análisis de la controversia 3. En el fundamento 14 de la STC 02513-2007-PA/TC, este Tribunal ha ratificado el precedente relativo a la acreditación de la enfermedad profesional, reiterando que únicamente podrá efectuarse mediante un examen o dictamen médico emitido por una Comisión Médica Evaluadora de Incapacidades del Ministerio de Salud, de EsSalud o de una EPS, conforme lo señala el artículo 26° del Decreto Ley 19990. 4. En el presente caso debe tenerse por acreditadas las enfer~mda s de neumoconiosis e hipoacusia neurosensorial bilateral, con un menoscab total de 60% a partir del 30 de mayo de 2007, fecha del diagnóstico de mforme de evaluación médica de incapacidad-D.L.18846 del Hospital II e Paseo del Ministerio de EsSalud (f. 7). 5. Resulta pertinente precisar que a efectos de determinar · una- enfermedad es producto de la actividad laboral se requiere de la existenc· ffe ~a relación causa efecto entre las condiciones de trabajo y la enfermedad. FOJAS 111111~1111111111111111~11~ 11111111~ PASCO PABLO FERRUZO USURIAGA 6. En dicho contexto debe señalarse, en cuanto a la hipoacusia, que cualquier persona ,.,...,,.,.,....""ta a ruido de forma repetida puede desarrollar dicha dolencia, la cual produc una lesión auditiva inducida por el ruido. En tal sentido la hipoacusia puede er tanto una enfermedad común como profesional, ya que se genera como conse uencia de la exposición continua al ruido. Co o se ha mencionado, para determinar si la hipoacusia es de origen ocupacional es ecesario acreditar la relación de causalidad entre las condiciones de trabajo y la e fermedad. Para ello se deberá tener en cuenta las funciones que desempeñaba el emandante, el tiempo transcurrido entre la fecha de cese y la fecha de (ieterminación de la enfermedad, además de las condiciones inherentes al propio lugar de trabajo; es decir, que la relación de causalidad en esta enfermedad no se resume sino que se tiene que probar, dado que la hipoacusia se produce por la exposición repetida y prolongada al ruido. Del certificado de trabajo expedido por Cía. Expertos en Sondajes Diamantinos S.R.Ltda. - ESONDI (f. 8), se aprecia que el recurrente desarrolló la labor de técnico pe1jorista del 5 de agosto de 1974 al 30 de enero de 1975 bajo la condición de obrero, y del 1 de febrero de 1975 al 25 de noviembre de 1986 bajo la condición de empleado. 9. Debe reiterarse que a partir del último cargo desempeñado por el accionante no es posible verificar la relación de causalidad entre la enfermedad de hipoacusia y las labores realizadas. Asimismo debe tenerse en cuenta que las enfermedades que padece el accionante le fueron diagnosticadas el 30 de mayo de 2007, luego de casi 21 años de haber cesado, por lo que no es posible determinar objetivamente la relación de causalidad antes referida. 1O . Al respecto consta de los actuados que mediante oficio 029-D-RAPA-EsSalud- 2011 (f. 101), el Director de la Red Asistencial Paseo - Hospital 11 EsSalud de Paseo da respuesta al oficio enviado por el juez de primera instancia (f. 92), remitiendo, entre otros documentos, la historia clínica de fecha 25 de mayo_ ;le 2007 (f. 95), en la cual se precisa que el menoscabo en la salud del actor que r8ásiona la neumoconiosis e hipoacusia es de 40% y 35%, respectivamente. 11. En consecuencia aun cuando el accionante adolece de hipoacuj ·,lateral, no se ha acreditado que dicha enfermedad sea consecuencia direc la exposición a factores de riesgo inherentes a su actividad laboral, y po lado respecto de la enfermedad de neumoconiosis ( 40%) no acredita g r¡jlo menos un 50% de menoscabo, motivo por el cual la demanda debe ser d timada. 1RI~UNAL C.ON~'fl'l'UClONAL SALA2 03 8 FOJAS · ""' llllllllllllllllmlllllllllllllllllllllll PASCO PABLO FERRUZO USURIAGA Por estos fundamentos, el Tribunal Constitucional, con la autoridad que le confiere la Constitución Política del Perú",Infundada,"['8. Del certificado de trabajo expedido por Cía. Expertos en Sondajes Diamantinos S.R.Ltda. - ESONDI (f. 8), se aprecia que el recurrente desarrolló la labor de técnico perforista del 5 de agosto de 1974 al 30 de enero de 1975 bajo la condición de obrero, y del 1 de febrero de 1975 al 25 de noviembre de 1986 bajo la condición de empleado.', '9. Debe reiterarse que a partir del último cargo desempeñado por el accionante no es posible verificar la relación de causalidad entre la enfermedad de hipoacusia y las labores realizadas. Asimismo debe tenerse en cuenta que las enfermedades que padece el accionante le fueron diagnosticadas el 30 de mayo de 2007, luego de casi 21 años de haber cesado, por lo que no es posible determinar objetivamente la relación de causalidad antes referida.', '10. Al respecto consta de los actuados que mediante oficio 029-D-RAPA-EsSalud-2011 (f. 101), el Director de la Red Asistencial Pasco - Hospital II EsSalud de Pasco da respuesta al oficio enviado por el juez de primera instancia (f. 92), remitiendo, entre otros documentos, la historia clínica de fecha 25 de mayo de 2007 (f. 95), en la cual se precisa que el menoscabo en la salud del actor que ocasiona la neumoconiosis e hipoacusia es de 40% y 35%, respectivamente.', '11. En consecuencia aun cuando el accionante adolece de hipoacusia bilateral, no se ha acreditado que dicha enfermedad sea consecuencia directa de la exposición a factores de riesgo inherentes a su actividad laboral, y por otro lado respecto de la enfermedad de neumoconiosis (40%) no acredita por lo menos un 50% de menoscabo, motivo por el cual la demanda debe ser desestimada.']"
05398-20214-AA,https://tc.gob.pe/jurisprudencia/2015/05398-2014-AA%20Resolucion.pdf,data\sentencia-Extract\2014\sentencia-pdf-2014.csv,Nulo en el concesorio del RAC,,Otros,"['3. Que, en tanto no exista una resolución denegatoria de la demanda de amparo en segundo grado, como lo exige la normativa constitucional, ni se manifieste alguno de los supuestos excepcionales del recurso de agravio constitucional determinados por la jurisprudencia del Tribunal Constitucional, este no puede conocer la presente impugnación.', '4. Que, en consecuencia, corresponde que se declare la nulidad del concesorio del recurso de agravio constitucional.']"
00181-20215-Q,https://tc.gob.pe/jurisprudencia/2016/00181-2015-Q%20Resolucion.pdf,data\sentencia-Extract\2016\sentencia-pdf-2016.csv,Improcedente,,Improcedente,"['6. De lo expresado se aprecia que el recurso de agravio constitucional no reúne los requisitos previstos en el artículo 18 del citado Código, ni guarda relación con alguno de los supuestos excepcionales de procedencia del RAC establecidos por la jurisprudencia del Tribunal Constitucional, en tanto cuestiona la sentencia que en segundo grado declaró fundada la demanda constitucional sobre un asunto no relacionado con narcotráfico, lavado de activos o terrorismo. En consecuencia, al haber sido correctamente denegado el referido medio impugnatorio, el presente recurso de queja debe ser declarado improcedente.']"
00115-20216-Q,https://tc.gob.pe/jurisprudencia/2016/00115-2016-Q%20Resolucion.pdf,data\sentencia-Extract\2016\sentencia-pdf-2016.csv,Improcedente,,Improcedente,"['5. El recurso de agravio constitucional presentado por la quejosa no reúne los requisitos establecidos en el artículo 18 del Código Procesal Constitucional, puesto que la resolución contra la cual se interpuso no es una resolución denegatoria (infundada o improcedente) de la demanda de amparo, sino una sentencia estimatoria de segunda instancia o grado.', '6. Si bien la quejosa no ha cumplido con adjuntar copia certificada por abogado de toda la documentación prev ista en el artículo 54 del Reglamento Normativo del Tribunal Constitucional, es decir, del recurso de agravio constitucional, de la cédula de notificación correspondiente a la resolución de segunda instancia o grado y de la cédula de notificación correspondiente al auto que rechazó el recurso de agravio constitucional, no puede soslayarse que, a la luz del principio de economía procesal, resulta innecesario requerirla debido a que la queja de autos, como ha sido expuesto, es manifiestamente improcedente. Siendo ello así, declarar su inadmisibilidad en aras de que subsane tales omisiones resulta inconducente, pues, de hacerlo, en nada cambiaría el sentido de lo resuelto en el caso de autos.']"
,,data\sentencia-Extract\2018\sentencia-pdf-2018.csv,,"Demanda Con fecha 20 de mayo de 2014, el recurrente interpone demanda de amparo contra la Comandancia General de la Marina de Guerra del Perú y su procurador público, con la finalidad de que se declare inaplicable y sin efecto la Resolución Directoral 315-2014- , de fecha 28 de abril de 2014, que dispuso su separación de la Escuela baja de la Marina de Guerra del Perú a su solicitud. ifiesta que la petición de baja que presentó ha sido realizada mediante coacción y iolencia, pues ha sido objeto del acoso por parte de cadetes del tercer y cuarto año con actos que lesionan su dignidad de hombre como, por ejemplo, pasarle corriente, prohibirle ingerir sus alimentos, asfixiarlo y golpearlo, así como presenciar otros actos vejatorios en contra de sus compañeros cadetes. Señala que los cadetes del tercer y cuarto año le imponían sanciones que tenían por objeto sobrepasar el puntaje mínimo y de esta manera propiciar su baja de la institución. Alega la vulneración de sus derechos al debido proceso, de defensa, a la igualdad y al estudio (Sic). Contestación de la demanda Con fecha 12 de junio de 2014, la Marina de Guerra del Perú se apersona al proceso a través de su procurador público y contesta la demanda. Refiere que el ahora demandante solicitó su baja por no adaptarse a la vida militar, lo que generó la emisión de la resolución cuestionada. Asimismo, manifiesta que el acoso que denuncia el demandante por parte de cadetes del tercer y cuarto año no ha sido comunicado en sede a TRI NAL CONSTITUCIONAL V 111111111111111111 I 1111111 CALLAO GIANMARCO OBEDD GARCÍA CASO administrativa ni denunciado ante su representada. Finalmente, afirma que el actor fue evaluado por el área psicológica, la cual emitió el informe psicológico de fecha 31 de marzo de 2014. Sentencia de primera instancia o grado El Cuarto Juzgado Civil de la Corte Superior de Justicia del Callao, mediante Resolución 10, de fecha 17 de setiembre de 2014, declaró infundada la demanda por considerar que la resolución cuestionada contiene un pronunciamiento de la Escuela Naval conforme al artículo 49 del DS 001-2010-DE/SG, que el actor fue dado de baja de la Marina de Guerra del Perú porque así lo solicitó y que los actos de violencia que denuncia haber padecido no han sido acreditados. Sentencia de segunda instancia o grado La Sala revisora confirmó la apelada, tras considerar que el actor ha sido dado de baja a su solicitud, y que ni en sus solicitudes administrativas, ni en el examen psicológico que se le efectuó, expresó haber sido víctima de acoso o maltrato alguno por cadetes de años superiores de la Escuela Naval. Por tanto, no informó sentirse coaccionado para pedir la baja como aspirante de la Escuela Naval. En dicho contexto, la resolución cuestionada ha sido emitida dentro de los parámetros normativos existentes.",,
,,data\sentencia-Extract\2018\sentencia-pdf-2018.csv,,"A. Petitorio constitucional B. Argumentos de las partes B-1. Demanda -2. Contestación de la demanda . FUNDAMENTOS . Análisis de la presunta inconstitucionalidad por la forma 1.1 La exoneración de dictamen y déficit de deliberación 1.2 La ausencia de segunda votación § 2. Constitución y Reglamento del Congreso § 3. Forma de gobierno y principio de separación de poderes en la Constitución uestión de confianza § 5. Sobre la facultad del Presidente de la República para nombrar ministros § 6. La renuncia del Presidente del Consejo de Ministros y la crisis del gabinete § 7. Sobre la facultad presidencial de disolución del Congreso III. FALLO ‘. _1C A DE, Caso cuestión de confianza y crisis total de gabinete 1(cid:9) 3 TRIBUN • CONSTITUCIONAL SENTENCIA DEL TRIBUNAL CONSTITUCIONAL Lima, a los 6 días del mes de noviembre de 2018, el Tribunal Constitucional, en esión del Pleno Jurisdiccional, con la asistencia de los magistrados Blume Fortini, residente; Miranda Canales, vicepresidente; Sardón de Taboada, Ledesma Narváez y spinosa-Saldaña Barrera, pronuncia la siguiente sentencia, con el abocamiento, en razón su ausencia el día de la vista de la causa, de los magistrados Ramos Núñez, por contrarse con licencia, y Ferrero Costa, por estar haciendo uso de su descanso cacional cumplido. Asimismo, se agregan los fundamentos de voto de los magistrados ume Fortini, Ramos Núñez, Sardón de Taboada, Ledesma Narváez y Espinosa-Saldaña rrera. I. ANTECEDENTES on fecha 16 de marzo de 2018, más del veinticinco por ciento del número legal de Congresistas de la República interponen una demanda de inconstitucionalidad con el objeto de que se declare la inconstitucionalidad del artículo único de la Resolución Legislativa 007-2017-2018-CR, que modifica el literal e) del artículo 86 del Reglamento del Congreso, por considerarlo incompatible con los artículos 43, 103, 105, 132, 133 y 134 de la Constitución Política del Perú. Mediante auto de 9 de mayo de 2018, publicado en el portal web institucional el 14 de junio de 2018, este Tribunal admitió a trámite la presente demanda de inconstitucionalidad. Por su parte, con fecha 7 de agosto de 2018, el Congreso de la República, a través de su apoderado, contestó la demanda negándola y contradiciéndola en todos sus extremos. .(cid:9) Petitorio constitucional anda de inconstitucionalidad interpuesta por más del veinticinco por ciento del úmero legal de congresistas de la República contra el artículo único de la Resolución Legislativa 007-2017-2018-CR, que modifica el literal e) del artículo 86 del Reglamento del Congreso, a fin de que se declare su inconstitucionalidad por la forma y por el fondo. B. Argumentos de las partes Las partes presentan los argumentos sobre la constitucionalidad o inconstitucionalidad de la disposición impugnada que se resumen a continuación. B-1. Demanda Los argumentos expuestos en la demanda son los siguientes: Caso cuestión de confianza y crisis total de gabinete 1(cid:9) 4 TRIBUNA fi ONSTITUCIONA Sostienen que la Resolución Legislativa 007-2017-2018-CR contraviene los artículos 43, 103, 105, 132, 133 y 134 de la Constitución, así como las sentencias del Tribunal Constitucional, al incurrir en vicios de forma que vulneran el • procedimiento legislativo en los términos expuestos en los artículos 103 y 105 de la Constitución, pues el Proyecto de Resolución Legislativa 2084/2017-CR, que dio origen a la resolución cuestionada, carece de los fundamentos legales o políticos que justifiquen la modificación de los alcances de la denominada crisis total del gabinete prevista en el artículo 133 de la Constitución. Alegan que este proyecto de resolución legislativa no fue debatido en la Comisión de Constitución y Reglamento del Congreso y que por ello no cuenta con un dictamen de análisis de sus fortalezas y debilidades, ni con la opinión de expertos que pudieran haber enriquecido su contenido. Afirman que si bien dicho proyecto fue exonerado de dictamen por la Junta de Portavoces y finalmente aprobado por el Pleno ""con 79 votos a favor, 18 en contra y, 7 abstenciones"" [sic], la Constitución señala claramente en su artículo 105 que [...] ningún proyecto de ley puede sancionarse sin haber sido aprobado por la respectiva Comisión dictaminadora, salvo excepción señalada en el Reglamento del Congreso"". Refieren que ""nuestro sistema jurídico proscribe la existencia de normas exprés y únicamente las acepta en tanto resulten armónicas con los principios y valores que dotan de sentido a nuestro Estado Constitucional de Derecho"", como son la transparencia, pluralismo y deliberación pública. También afirman que la referida resolución vulnera el principio de división y equilibrio de poderes, así como el modelo de régimen político de la Constitución, ya que plantea tres reglas que alteran los mencionados principios: i el Congreso rechaza la cuestión de confianza formulada por el Presidente del Consejo de Ministros, el nuevo gabinete deberá estar integrado por nuevos ministros, no pudiendo ser incluido en este ningún ministro del gabinete anterior. • Si el Gobierno no observa esta regla, dicho rechazo de la cuestión de confianza no cuenta a efectos de la figura del cierre constitucional del Congreso prevista en el artículo 134 de la Constitución. • El Presidente del Consejo de Ministros no puede hacer cuestión de confianza respecto de la aprobación de una ley ni de un procedimiento de control parlamentario, como una interpelación o censura de un ministro. s..1CA <9<so Caso cuestión de confianza y crisis total de gabinete 1(cid:9) 5 TRIBUNAL NSTITUCION 11 /11 Alegan que estos supuestos no se hallan previstos en la Constitución y vacían de contenido, en los hechos, las competencias exclusivas del Poder Ejecutivo. Señalan que el Reglamento del Congreso debe regular las funciones exclusivas y excluyentes de este poder del Estado y no las de los demás poderes. Sostienen que la Constitución establece en qué escenarios se configura la crisis del gabinete, mas no hace la distinción de que el nuevo gabinete deberá estar integrado por nuevos ministros. Por el contrario, le otorga libertad al jefe de Estado para que elija a sus colaboradores de acuerdo a su criterio, ya que bastaría con que al menos uno de sus integrantes no haya sido parte del gabinete anterior para afirmar que nos hallamos ante un gabinete distinto. Los congresistas recurrentes alegan que la resolución impugnada introduce un nuevo supuesto, no contemplado en el artículo 132 de la Constitución, acerca de la oportunidad en que se debe plantear una cuestión de confianza, ya que señala que dicha figura jurídica no puede ser invocada con ocasión de la aprobación de una ley o un mecanismo de control político, como la interpelación o la censura de un ministro. Finalmente, los recurrentes sostienen que se vacía de contenido a la figura de la cuestión de confianza, ya que no queda claro en qué escenario el Gobierno podría plantearla. B-2. Contestación de la demanda Los argumentos expuestos en la contestación de la demanda son los siguientes: El apoderado del Congreso señala que los demandantes incurren en una co adicción argumental al sostener como vicio la falta de tratamiento en fisión, pero a su vez reconocen que se dieron las condiciones que eximen de trámite. También propugnan la ilicitud por falta de debate y al mismo tiempo econocen que el debate existió, aunque, en opinión de los demandantes, éste fue ""escueto y no falto de polémica"". Alega que todos los actos que han sido cuestionados en este extremo de la demanda se han desarrollado de acuerdo a lo establecido en la Constitución y el Reglamento del Congreso. Con relación a la afirmación de la parte demandante de que el Reglamento del Congreso no puede contener funciones del Poder Ejecutivo, se debe tener presente que este es una norma con rango de ley, por lo que el Parlamento está plenamente Caso cuestión de confianza y crisis total de gabinete 1(cid:9) 6 TRIBUNAL ONSTITUCI facultado para modificar, adicionar o interpretar dicha ley, siendo la cuestión de confianza un procedimiento de control político. 1A lega, con relación a la supuesta vulneración del artículo 132 de la Constitución, que su artículo 126 señala que ""todo acuerdo del Consejo de Ministros requiere el voto aprobatorio de la mayoría de sus miembros, y consta en acta (...)"". Es decir, la cuestión de confianza no es una prerrogativa personal del Presidente del Consejo, sino que tiene que presentarla al gabinete para su aprobación. Es por ello que ante una crisis total, en caso de ser rehusada la cuestión de confianza, todos los miembros del gabinete deben renunciar y no pueden ser designados nuevamente como ministros. Señala que la norma cuestionada solo limita la iniciativa ministerial de presentar una cuestión de confianza en determinados supuestos, de manera razonable y dentro del marco constitucional. El apoderado del demandado indica que es válido y razonable que el Consejo de Ministros o un ministro no puedan plantear una cuestión de confianza sobre una competencia exclusiva del Congreso, por lo que resulta claramente improcedente plantearla cuando esté destinada a promover, interrumpir o impedir la aprobación de una norma o la conclusión de un procedimiento legislativo. Asimismo, alega que si se encuentra en curso la interpelación de un ministro, no es razonable que ese ministro convierta su interpelación en una cuestión de confianza, ya que tal proceder despojaría al Legislativo de la interpelación como instrumento de control político. enta que solo se establecía la facultad del Presidente del Consejo de stros para plantear la cuestión de confianza, mas no el motivo. En cambio, el ntenido, procedimiento y consecuencia de la cuestión de confianza ahora sí se encuentra reglamentado. No se trata de una reforma constitucional, sino de un desarrollo reglamentario para interpretar los alcances del artículo 133 de la Constitución. Con fecha 10 de octubre de 2018, el magistrado Ferrero Costa vio el video de la vista de la causa realizada en Arequipa el 28 de septiembre de 2018, según la constancia del Secretario Relator que obra en autos. Lo propio ocurrió con el magistrado Ramos Núñez el 23 de octubre de 2018. Caso cuestión de confianza y crisis total de gabinete(cid:9) 7 TRIBUNAL C STITUCIONAL",,
,,data\sentencia-Extract\2018\sentencia-pdf-2018.csv,,"I El recurrente interpone dem¿rnda de amparo contra la Oficina de Normalización -Previsional (ONP) con el objcto de que se declare nula la Resolución 16320-2016' ONP/DPR.SC119990. de fecha 22 de marzo de 2016, que le dcncgó la pensión solicitada, y que. cn consccuencia, se ie otorgue pensión de jubilación minera conforme a los artículos 1,2 y 6 de la Ley 25009 y el Decreto Suprcmo 029-89-TR. Asimismo, y olicita el pago de las pensiones devengadas, los intereses legales los costos procesales La emplazada contesta la demanda expresando que el actor no ha acreditado cumplir con los años de aportaciones que exige la Ley 25009 para el acceso a la pensión de jubilación solicitada. El Segundo Juzgado Civil de Huancayo, con resolución de fecha 21 de julio de 2017, decla¡a improcedente la demanda, por considerar que el actor no ha cumplido con acreditar el mínimo de años de aportaciones exigidos, y que el certificado médico que presentó no es un documento idóneo para acreditar Ia enfermedad que alega padecer. La Sala superior confirma la apelada, por considerar que el certificado de discapacidad que se adjunta 11o es idóneo para acreditar la enfermedad que padece. ililtilflilililililil]tlilililil EXP. N.' 0 1463-201 8-PA/TC ELISARIO AGAPITO CHAVEZ HUAMÁN",,
,,data\sentencia-Extract\2020\sentencia-pdf-2020.csv,,"A. PETITORIO Con fecha 23 de junio de 2014, el Colegio de Abogados del Callao interpuso demanda de inconstitucionalidad contra los artículos 3, 7, 9 y la Primera Disposición Complementaria Final de la Ley 29245; y contra el artículo 1 del Decreto Legislativo 1038, alegando la vulneración de los artículos 23, 26, 27 y 28 de la Constitución, así como diversos tratados internacionales. Con fecha 17 de junio de 2015, el Congreso de la República y el Poder Ejecutivo a través de sus apoderados, contestan la demanda negándola y contradiciéndola en todos sus extremos. 1oBp o:; 401 ONSTITUCIONAL postulan una serie de argumentos sobre la constitucionalidad o ""/ /(cid:9) , ,: • •"" • ?'t u-c ionalidad de la disposición objetada que, a manera de resumen, se presentan a tmuación. 1 B-1. DEMANDA La demanda se sustenta en los siguientes argumentos: El Colegio de Abogados del Callao sostiene que el artículo 3 de la Ley 29245 vulnera los artículos 23, 26 y 27 de la Constitución así como los convenios internacionales suscritos por el Estado peruano en materia laboral, al permitir, tras esta disposición, que se utilice contratistas para desarrollar la misma labor que realiza la empresa principal, pero con otras condiciones laborales menos garantistas a fin de rebajar los costos laborales. Asimismo, añaden que al permitir la tercerización de toda una etapa productiva de la empresa principal, se estaría desnaturalizando esta figura, dado que esta sólo debe recaer en labores complementarias. Por otro lado, alega que el artículo 7 de la Ley 29245 viola la dignidad del trabajador y el principio de igualdad, toda vez que existe un trato diferenciado entre los trabajadores Caso ""Ley de servicios de tercerización"" 1 4 de la empresa usuaria y los trabajadores de empresa principal, pese a que realizan las mismas labores. En relación con el penúltimo párrafo del artículo 9 del mismo cuerpo normativo, la parte demandante sostiene que se estaría vulnerando el principio de igualdad y la dignidad del trabajador contemplado en el artículo 23 de la Constitución, al reducir el plazo de prescripción para hacer efectiva la responsabilidad, ya sea patrimonial o extrapatrimonial, de la empresa principal. Por otro lado, añade que la Primera Disposición Complementaria Final de la Ley 29245 vulnera el artículo 23 de la Constitución, dado que permitir la subcontratación en la tercerización genera precarización laboral, al establecer peores condiciones laborales. El Colegio de Abogados del Callao, también alega que el último párrafo del artículo 1 del Decreto Legislativo 1038 vulnera el artículo 23 de la Constitución, toda vez que introduce supuestos de excepción a la pluralidad de clientes en el ámbito de las empresas tercerizadoras y esto favorece la posibilidad de que se presenten supuestos de fraude o simulación en la empresa contratista, desnaturalizando el objetivo de la norma en perjuicio de los trabajadores. almente, se menciona que la norma impugnada incurre en una inconstitucionalidad nto que no se establece la igualdad entre los trabajadores desplazados y rabajadores y por cuanto no se fija un porcentaje máximo de tercerización esos productivos de la empresa principal abriendo la posibilidad de que toda edad de la empresa principal sea tercerizada. ONTESTACIONES DE LA DEMANDA Los demandados presentaron los siguientes argumentos: B-2.1. CONTESTACIÓN DEL CONGRESO DE LA REPÚBLICA En relación a la supuesta inconstitucionalidad del artículo 3 de la Ley 29245, la parte demandada alega que tanto la doctrina, como la legislación comparada admiten la posibilidad de que una empresa pueda descentralizar una parte de la operación principal. Asimismo, sostiene que en el Decreto Supremo 003-2002-TR se contemplaba lo dispuesto en el extremo impugnado. En base a ello, el Congreso de la República establece que la posibilidad de elección entre contratar directamente trabajadores bajo el régimen laboral común o un sistema de tercerización, para que se hagan cargo de una parte integral del proceso productivo de la empresa, se encuentra sustentada en la libertad de empresa, y no existe prohibición alguna al respecto. Caso ""Ley de servicios de tercerización"" 1 5 Añade, además, que no debe confundirse la intermediación laboral con la tercerización. En cuanto a esta última, señala que se funda en la necesidad de brindar una mayor competitividad en el mercado y que dicha disposición debe entenderse a la par con el artículo 2 del mismo cuerpo normativo, el cual establece que la aplicación de este sistema de contratación no restringe el ejercicio de los derechos individuales y colectivos de los trabajadores. En cuanto a la supuesta inconstitucionalidad del artículo 7.1 de la Ley 29245, la parte demandada señala que no vulnera el principio de igualdad en la medida que no existe identidad esencial entra la situación jurídica en la que se encuentran los trabajadores de la empresa tercerizadora, con la situación en la que se encuentran los trabajadores de la empresa principal. Por otro lado, en relación con el penúltimo párrafo del artículo9 de la Ley 29245 se aduce que la subcontratación por las empresas tercerizadoras resulta congruente con el respeto a los derechos de los trabajadores, y que el mal uso que se pudiera dar no sería motivo para que se considere inconstitucional, tal como lo señala la jurisprudencia del - Asimismo, se añade que en el numeral 4.2 del artículo 4 del Reglamento de la Ley 245, aprobado por el Decreto Supremo 006-2008-TR, desarrolla lo establecido en el imo párrafo del artículo 1 del Decreto Legislativo 1038, es decir, los casos en los entes no resulta ser un elemento característico de la empresa e sometido a un proceso de acción popular en la que la Corte que la pluralidad de clientes no es un indicio a valorar para que que como tercerizadora; por lo que no corresponde declarar al Legislativo 1038 como inconstitucional. En cuanto a la inconstitucionalidad por omisión, el Congreso de la República alega que la parte demandante confunde dos planos diferentes; es decir, los trabajadores de la empresa tercerizadora y los trabajadores que se encuentran subordinados a la empresa principal. r (cid:9) Finalmente, en relación a la supuesta omisión de la indicación del porcentaje máximo de tercerización de los procesos productivos de la empresa principal, el demandando alega que la distinción para suscribir un contrato de tercerización se produce en .._...7(cid:9) función de las actividades que se quieren tercerizar y no en función del número de trabajadores. 111(cid:9) B-2.2. CONTESTACIÓN DEL PODER EJECUTIVO - En consideración a la supuesta inconstitucionalidad del último párrafo del artículo 1 del Decreto Legislativo 1038, el Poder Ejecutivo aduce que la pretensión de la parte Caso ""Ley de servicios de tercerización"" 1 6 demandante está condicionada a la existencia de situaciones de fraude o simulación que puedan cometer las empresas, pero esta no se sustenta en una vulneración directa a la Constitución, por lo que debe ser declarado improcedente este extremo de la demanda. Asimismo, señala que la no exigencia de la pluralidad de clientes no necesariamente supone que la prestación del servicio de una parte del proceso productivo no se haya realizado de manera autónoma. - También se añade que dicha disposición no desconoce ningún derecho laboral, y que de una lectura integral de las normas sobre la materia se concluye que se han asegurado tales derechos. En cuanto a la inconstitucionalidad por omisión, el Poder Ejecutivo manifiesta que la parte demandante no hace mención alguna respecto de algún mandato constitucional que, el Decreto Legislativo 1038, que precisa los alcances de la Ley 29245, o sus reglamentos, hayan omitido regular. C. INTERVENCIÓN DE LA FEDERACIÓN NACIONAL DE TRABAJADORES MINEROS METALÚRGICOS Y SIDERÚRGICOS DEL PERÚ (FNTMNSP) A través del auto de fecha 22 de marzo de 2016, el Tribunal Constitucional admitió la solicitud de intervención de la Federación Nacional de Trabajadores Mineros Metalúrgicos y Siderúrgicos del Perú incorporándola al presente proceso de inconstitucionalidad en cal' d de tercero. De modo que, a continuación, se resumen los argumentos que éste p(cid:9) ntara: 1 artículo 3 de la Ley 29245 vulnera los artículos 22, 23 y 24 de la arizar las relaciones típicas laborales, estableciendo una política s serechos de los trabajadores, lo cual va en contra de diversas normas Tonales. Se alega además que el inciso 1 del artículo 7 de la Ley 29245, vulnera los artículos 23, 24 y 26 de la Constitución, debido a que no se garantizan los derechos laborales de los trabajadores tercerizados en caso de que ocurra alguna contingencia. Asimismo, menciona que dicha disposición contraviene lo dispuesto en el Convenio 100 de la OIT, el cual establece que debe existir igualdad de remuneraciones. En cuanto a la supuesta inconstitucionalidad del penúltimo párrafo del artículo 9, se aduce que si bien la empresa tercerizadora es solidariamente responsable con la empresa principal, esta se encuentra circunscrita al plazo de un año contado desde la culminación de sus desplazamiento, lo cual genera desigualdad de oportunidades, vulnerando el artículo 26.1 de la Constitución y el Convenio 100 de la OIT. Caso ""Ley de servicios de tercerización"" 7 Por otro lado, se señala que la Primera Disposición Complementaria Final de dicho cuerpo normativo avala la precarización laboral al permitir la subcontratación, lo cual colisiona con lo dispuesto en los artículos 22 y 23 de la Constitución. En relación al Decreto Legislativo 1038, se menciona que el último párrafo del artículo 1 vulnera el artículo 23 de la Constitución, en la medida que el establecimiento de excepciones a la pluralidad de clientes de las empresas tercerizadoras desnaturaliza el objeto de la norma y la protección de los derechos laborales. Asimismo, en cuanto a la inconstitucionalidad por omisión, la FNTMNSP señala que el legislador al emitir la Ley 29245 ha omitido manifestarse respecto de la situación de los derechos de los trabajadores de la empresa tercerizadora con relación a la empresa principal. Finalmente señalan que el 8 de mayo de 2015 la federación admitida como tercero llevó a cabo una huelga general indefinida, teniendo como principal finalidad derogar la Ley 29245, dado que en el sector minero se han tercerizado el 70% de las actividades principales; por lo que el análisis de constitucionalidad de esta materia resulta de gran importancia. I.(cid:9) FUNDAMENTOS §1. CONSIDERACIONES PRELIMINARES 1. Subcontratación laboral el que se articulan las relaciones laborales ha sufrido múltiples iones a lo largo del tiempo. La concepción tradicional de la empresa como unidad productiva que ejecuta la totalidad de los procesos se ha visto desbordada. Actualmente existen diversas modalidades de organización empresarial, entre las que cobra importancia la subcontratación. 2. Esta constituye un mecanismo mediante la cual se descentraliza el proceso de elaboración de bienes o la prestación de servicios, en dicho contexto cobran importancia figuras como las de la intermediación laboral y la tercerización. 1.1.1. Intermediación laboral 3. La intermediación laboral es una figura en la que una empresa llamada usuaria contrata a otra empresa (la intermediadora) para que destaque a un trabajador con la finalidad exclusiva de que preste servicios temporales, complementarios o de alta especialización. Caso ""Ley de servicios de tercerización"" 18 4. Para tal efecto, la entidad intermediadora (que es la empleadora del trabajador destacado) y la empresa usuaria suscriben un contrato de naturaleza civil denominado Locación de Servicios, no importando dicho destaque que exista un vínculo laboral con la empresa usuaria. 5. El Ministerio del Trabajo y Promoción del Empleo ha definido a este tipo de subcontratación laboral como el destaque o cesión de mano de obra por parte de una entidad intermediadora hacia una empresa usuaria, existiendo un vínculo laboral entre la entidad intermediadora y el personal destacado. 6. El artículo 3 de la Ley 27626, Ley que regula la actividad de las empresas especiales de servicios y de las cooperativas de trabajadores, señala los supuestos de procedencia de la intermediación laboral: La intermediación laboral que involucra a personal que labora en el centro de trabajo o de operaciones de la empresa usuaria sólo procede cuando medien supuestos de temporalidad, complementariedad o especialización. Los trabajadores destacados a una empresa usuaria no pueden prestar servicios que impliquen la ejecución permanente de la actividad principal de dicha empresa. 7. Esta modalidad de subcontratación laboral solo puede ser prestada por empresas de servicios constituidas como personas jurídicas de acuerdo a la Ley General de perativas conforme a la Ley General de Cooperativas, y tendrá o la prestación de este tipo de servicios. Estas deben inscribirse en cional de Empresas y Entidades que Realizan Actividades de ción Laboral (artículos 2 y 10 de la Ley 27626). 1.1.2. Servicio de tercerización El inciso 11.3 del artículo 11 de la Ley 27626, Ley que regula la actividad de las empresas especiales de servicios y de las cooperativas de trabajadores señala que: Las empresas de servicios especializados son aquellas personas jurídicas que brindan servicios de alta especialización en relación a la empresa usuaria que las contrata. En este supuesto la empresa usuaria carece de facultad de dirección respecto de las tareas que ejecuta el personal destacado por la empresa de servicios especializados. 9. Asimismo, el artículo 2 de la Ley 29245, Ley que regula los servicios de tercerización, define a esta modalidad de organización empresarial como la contratación de empresas para que desarrollen actividades especializadas u obras, siempre que: i.(cid:9) Asuman los servicios prestados por su cuenta y riesgo; ii.(cid:9) Cuenten con sus propios recursos financieros, técnicos o materiales; Caso ""Ley de servicios de tercerización"" 9 iii.(cid:9) Sean responsables por los resultados de sus actividades y sus trabajadores estén bajo su exclusiva subordinación. 10. El Ministerio del Trabajo y Promoción del Empleo (MTPE) ha señalado que la tercerización es una forma de organización por la que una empresa denominada ""principal"" encarga o delega el desarrollo de una o más partes de su actividad principal (proceso productivo) a una o más empresas denominadas tercerizadoras, contratistas o subcontratistas. 11. Para demostrar la existencia de autonomía empresarial, es necesario basarse en determinados indicios que deben ser evaluados en cada caso en concreto y entre los que, a título enunciativo, se encuentran los siguientes: Pluralidad de clientes Contar con equipamiento propio Inversión de capital Retribución por obra o servicio La separación física de trabajadores La existencia de una organización autónoma de soporte a las actividades objeto de la tercerización La tenencia y utilización por parte de la empresa tercerizadora de habilidades, experiencia, secretos industriales o en general activos intangibles que demuestren su independencia. 8. Co esponde señalar que estas empresas deben ser inscritas en el Registro Nacional de ercerizadoras, para poder iniciar y desarrollar sus actividades. de la intermediación laboral con el servicio de ización que se analiza en el presente caso se suele confundir frecuentemente n la intermediación laboral; por lo que este Tribunal Constitucional estima necesario diferenciar ambas figuras jurídicas. 14. El MTPE ha elaborado un cuadro comparativo entre ambas formas de subcontratación en el cual se ponen en evidencia las principales diferencias entre ambos: Intermediación laboral Tercerización Partes Contrato civil entre la empresa usuaria Contrato civil entre la empresa y la empresa de servicios. principal y la empresa tercerizadora. mYl Contrato laboral ente los trabajadores y la empresa de servicios Contrato(cid:9) laboral(cid:9) entre(cid:9) los Caso ""Ley de servicios de tercerización"" 10 trabajadores(cid:9) y(cid:9) la (cid:9) empresa tercerizadora. La empresa de servicios destaca La empresa tercerizadora se hace Actividad personal a la usuaria para labores cargo íntegramente de una clase complementarias temporales o del proceso productivo y cuenta especializadas. con una organización empresarial propia. La empresa de servicios cede parte de El poder de dirección lo ejerce su poder de dirección (dirección y íntegramente la empresa Poder de fiscalización) a la usuaria;(cid:9) mientras tercerizadora. Dirección que mantiene el poder disciplinario. La empresa de servicios comparte el El tercero asume íntegramente el poder de dirección con la empresa poder de dirección y sus Diferencia usuaria. trabajadores están bajo su esencial exclusiva subordinación. Los trabajadores laboran en las Con desplazamiento de instalaciones de la empresa usuaria. trabajadores y maquinarias a la Elemento típico empresa principal (regulada por el Derecho del Trabajo). Sin desplazamiento de trabajadores ni maquinarias a la empresa principal. /2 ente:http://w w.mintra.gob.pe/archivos/file/informacion/TRABAJADORES/INF_I ERMED ION LABORAL.pdf (411. ha quedado demostrado supra, en la tercerización existe una )/, í lIi : ""&.zación de etapas del proceso productivo, cuya principal diferencia con el i,ontrato de intermediación laboral radica en que el poder de dirección y la subordinación de los trabajadores solo se encuentra a cargo de la empresa tercerizadora / (cid:9) más no de la empresa principal. 1.2. Desnaturalización de cada una de las formas de contratación bajo análisis 16. Tanto en la intermediación como en la tercerización pueden ocurrir supuestos en los cuales las relaciones laborales se vean desnaturalizadas, generando perjuicios para los trabajadores sujetos a estas modalidades de subcontratación. 17. Este Tribunal analizará dicha cuestión y pondrá de relieve el alcance de sus decisiones frente a las referidas desnaturalizaciones. Caso ""Ley de servicios de tercerización"" 1 11 1.2.1. Desnaturalización de la intermediación laboral 18. La desnaturalización de los contratos de intermediación laboral ocurre cuando se infringen los requisitos para la configuración de este tipo de contratación de bienes y servicios, establecidos en la Ley 27262 y sus normas reglamentarias. 19. Se produce la desnaturalización del contrato de intermediación laboral cuando: a. Se exceden los porcentajes limitativos para la intermediación de servicios temporales b. Se realiza la intermediación para servicios temporales distintos de los que pueden ser cubiertos por los contratos de naturaleza ocasional o de suplencia. c. Se realiza la intermediación para labores distintas a las reguladas d. El incumplimiento de las obligaciones de la empresa usuaria es reiterativo. 20. Por otro lado, el artículo 5 de la Ley 27626 señala lo siguiente: La infracción a los supuestos de intermediación laboral que se establecen en la presente Ley, debidamente comprobada en un procedimiento inspectivo por la Autoridad Administrativa de Trabajo, determinará que, en aplicación del principio de primacía de la realidad, se entienda que desde el inicio de la prestación de sus servicios los respectivos trabajadores han tenido contrato de trabajo con la empresa usuaria. 21. En ve(cid:9) ocasiones e(cid:9) Tribunal ha advertido la desnaturalización de los contratos de(cid:9) ue existía una relación laboral entre los trabajadores aria en casos como los siguientes: io constitucional interpuesto por doña Aleida Hobby Marín recaído en la sentencia 06371-2008-PA/TC de fecha 19 de diciembre de ii. Recurso de agravio constitucional interpuesto por don Erickson Arévalo Torres recaído en la sentencia 00412-2011-PA/TC de fecha 9 de octubre de 2012. iii. Recurso de agravio constitucional interpuesto por doña Rosa Sofía Vergara Mejía recaído en la sentencia 02988-2009-PA/TC de fecha 7 de noviembre de 2012. ilt Caso ""Ley de servicios de tercerización"" 1 12 22. Tal como ha quedado demostrado, cuando se genera el incumplimiento de algún requisito de la intermediación laboral, se produce la desnaturalización, y esta tendrá como consecuencia el reconocimiento de la relación laboral entre el trabajador desplazado y la empresa usuaria, evitando una situación de simulación o fraude. 1.2.2. Desnaturalización de la tercerización laboral 23. El Ministerio del Trabajo y Promoción del Empleo ha señalado que se produce la desnaturalización de la tercerización cuando: a. De la verificación y análisis razonable, se establece la ausencia de autonomía empresarial de la empresa tercerizadora. b. Cuando los trabajadores de la empresa tercerizadora se encuentran bajo la supervisión o subordinación de la empresa principal. c. En caso los trabajadores de la empresa tercerizadora continúen prestando servicios en la empresa principal, a pesar de que a la empresa tercerizadora se le haya cancelado el registro. 24. Al respecto, el artículo 5 de la Ley de Servicios de Tercerización establece lo siguiente: tercerización que no cumplan con los requisitos señalados en los de la presente Ley y que impliquen una simple provisión de personal, e los trabajadores desplazados de la empresa tercerizadora tengan una e trabajo directa e inmediata con la empresa principal, así como la ación del registro a que se refiere el artículo 8 de la presente Ley, sin perjuicio de las demás sanciones establecidas en las normas correspondientes. En diversas ocasiones este Tribunal ha advertido la desnaturalización de los contratos de tercerización, determinado la existencia de una relación laboral entre los trabajadores desplazados con la empresa principal: i. Recurso de agravio constitucional interpuesto por don Pablo Garrido Coronado, recaído en la sentencia 04297-2012-PA/TC de fecha 21 de abril de 2014. ii. Recurso de agravio constitucional interpuesto por don Juan Alberto Velásquez Serquén, recaído en la sentencia 01671-2013-PA/TC de fecha 29 de enero de 2014. v. Recurso de agravio constitucional interpuesto don Darwin Saavedra Rojas, recaído en la sentencia 07110-2013-PA/TC de fecha 28 de noviembre de 2017. Caso ""Ley de servicios de tercerización"" 13 26. En ese sentido, se ha determinado que cuando se genera el incumplimiento de algún requisito de la tercerización, se produce la desnaturalización, el cual tiene como consecuencia el reconocimiento de la relación laboral entre el trabajador desplazado y la empresa principal, evitando que se genere una situación de simulación o fraude. §2.SUPUESTA VULNERACIÓN DE LA DIGNIDAD DEL TRABAJADOR 27. El penúltimo párrafo del artículo 23 de la Constitución señala que: (...)Ninguna relación laboral puede limitar el ejercicio de los derechos constitucionales, ni desconocer o rebajar la dignidad del trabajador (...). 28. La dignidad de la persona se erige como el fundamento ontológico de los derechos fundamentales, desplegando su proyección hacia ellos, y a la vez, como el valor supremo del ordenamiento jurídico en su conjunto. 29. Esta constituye un mínimum invulnerable que debe ser respetado en toda limitación o restricción que se imponga al ejercicio o disfrute de los derechos fundamentales. En ese sentido, se puede afirmar que, la dignidad actúa como un límite y frontera insalvable para el legislador. 30. S._ re la dignidad de(cid:9) 'ador, en concreto, este Tribunal Constitucional ha señalado . As 10111- . (cid:9), idad de la dignidad de la persona en el ámbito laboral se deriva no sólo de la c personal del trabajador en la actividad laboral, sino también de la 11 / / (cid:9) ización misma de la actividad laboral que constituye un espacio que permite desarrollar sus propios proyectos y planes de vida, de ahí que corresponda a este Tribunal, en su función de interprete último de la Constitución, determinar infra el alcance normativo de esta disposición constitucional (fundamento 74 de la sentencia 0020-2012-PUTC). 31. El artículo 23 de la Constitución previamente citado está dirigido a proteger al trabajador como ser humano frente a cualquier lesión a su dignidad en la actividad laboral. Lo que se prohíbe es la cosificación del trabajador, situación que no puede ser objeto de especificación con carácter general, sino que debe ser evaluada según cada caso en concreto. 32. En el caso de autos, se alega que los artículos 3, 7, 9 y la Primera Disposición J Complementaria Final de Ley 29245, así como el artículo 3 del Decreto Legislativo 1038, vulneran la dignidad de los trabajadores, los cuales se pasarán a analizar a continuación. 2.1. Análisis de constitucionalidad del artículo 3 de la Ley 29245 Caso ""Ley de servicios de tercerización"" 1 14 33. La disposición impugnada establece que: Artículo 3.- Casos que constituyen tercerización de servicios Constituyen tercerización de servicios, entre otros, los contratos de gerencia conforme a la Ley General de Sociedades, los contratos de obra, los procesos de tercerización externa, los contratos que tienen por objeto que un tercero se haga cargo de una parte integral del proceso productivo""(énfasis añadido). 34. La parte demandante señala que esta disposición permite que se tercerice la actividad principal de la empresa usuaria, lo que significa que los trabajadores de la empresa tercerizadora desempeñen la misma labor, pero con menores condiciones laborales, afectando la dignidad del trabajador. 35. Corresponde comenzar advirtiendo que en esta modalidad de subcontratación la empresa tercerizadora se encarga de una etapa del proceso productivo de la empresa principal, asumiendo por su cuenta y riesgo la actividad delegada. 36. l respecto, el último párrafo del artículo 2 de la Ley 29245, Ley que regula los rvicios de tercerización, establece que: ""La aplicación de este sistema de contratación rcicio de los derechos individuales y colectivos de los trabajadores"". esto, la afirmación de un reconocimiento menor de derechos laborales a ajadores de la empresa tercerizadora carece de sustento, toda vez que la ley presamente manifiesta que estos no son restringidos. Asimismo, corresponde advertir que los trabajadores tercerizados se encuentran subordinados únicamente a la empresa tercerizadora, siendo esta última la encargada de garantizar que los derechos laborales de este sector sean protegidos. 39. Por lo tanto, la disposición impugnada no lesiona la dignidad del trabajador en su actividad laboral, por lo que corresponde declarar infundado dicho extremo de la demanda. 2.2.Análisis de constitucionalidad del artículo 7 de la Ley 29245 40. El artículo 7 del cuerpo normativo cuestionado establece que: Los trabajadores de las empresas que prestan servicio de tercerización tienen los siguientes derechos, sin perjuicio de los ya establecidos en la legislación laboral vigente: 1. Los trabajadores bajo contrato de trabajo sujetos a modalidad tienen iguales derechos que los trabajadores contratados a tiempo indeterminado. Este derecho se (cid:9)(cid:9)(cid:9) Caso ""Ley de servicios de tercerización"" 1 15 aplica a los trabajadores desplazados en una tercerización, respecto de su empleador(...). 41. La parte demandante alega que dicha disposición no establece igualdad de derechos entre los trabajadores de la empresa tercerizadora y los de la empresa principal, generando que en un mismo centro de trabajo no se cuenten con las mismas condiciones laborales, en virtud de lo cual se vulneraría el artículo 23 de la Constitución. 42. Tal como se ha señalado supra, los trabajadores que prestan servicios de tercerización, hayan o no hayan sido desplazados, no tienen ninguna relación laboral con la empresa principal, sino que este vínculo solo se genera con la empresa tercerizadora. 43. Asimismo, la Ley 29245, en su artículo 2 señala expresamente, que los derechos laborales de los trabajadores sujetos a esta modalidad de contratación, no se restringen de ninguna manera. 44. Por lo tanto, ese Tribunal estima que la disposición impugnada, no lesiona la dignidad del trabajador por lo que corresponde declarar infundada la demanda en este extremo. 2.3.Análisis de constitucionalidad del artículo 9 De La Ley 29245 ogados del Callao impugna también el artículo 9 de la Ley que rvicios de Tercerización en cuanto establece que: a empresa principal que contrate la realización de obras o servicios con desplazamiento de personal de la empresa tercerizadora es solidariamente responsable por el pago de los derechos y beneficios laborales y por las obligaciones de seguridad social devengados por el tiempo en que el trabajador estuvo desplazado. Dicha responsabilidad se extiende por un año posterior a la culminación de su desplazamiento. La empresa tercerizadora mantiene su responsabilidad por el plazo establecido para la prescripción laboral (subrayado agregado). 46. La parte demandante considera que se estaría vulnerando la dignidad del trabajador, al reducir el plazo de prescripción de responsabilidad, ya sea patrimonial o extra patrimonial, de la empresa principal frente a los trabajadores desplazados. 47. Este Tribunal advierte que dicha disposición debe ser interpretada conforme al Decreto r\ (cid:9) Legislativo 1038, ""Decreto Legislativo que precisa los alcances de la Ley 29245, Ley .1(cid:9) que regula los servicios de tercerización"", en cuyos artículos 2, 3 y 4, se regula el \__ (cid:9) ámbito de las obligaciones y restricciones, la responsabilidad en le tercerización de servicios y el derecho de repetición y privilegios. Caso ""Ley de servicios de tercerización"" 16 48. En ese sentido, se establece que la obligación contenida en el artículo impugnado es aplicable a aquellas empresas tercerizadoras que realizan sus actividades con desplazamiento continuo de personal a las instalaciones de la principal, no así a los supuestos de tercerización sin desplazamiento ni a las que lo hagan en forma eventual o esporádica. 49. Por otro lado, se señala que la solidaridad contenida en dicha disposición se contrae únicamente a las obligaciones laborales y de seguridad social de cargo de la empresa tercerizadora establecidos por norma legal, y no a las de origen convencional o unilateral. 50. Asimismo, establece que, la empresa principal, tiene derecho de repetición contra la empresa tercerizadora, y adquiere los derechos y privilegios del crédito laboral en caso de insolvencia o quiebra. 51. La disposición cuestionada fija la responsabilidad de la empresa principal en los términos ya reseñados y se extiende por un año posterior a la culminación de su desplazamiento; sin embargo, la empresa tercerizadora mantiene dicha responsabilidad por el plazo establecido para la prescripción laboral. 52. En consideración a esta última, la Ley 27321, Ley que establece nuevo plazo de ión de las acciones derivadas de la relación laboral, señala que: nes por derechos derivados de la relación laboral prescriben a los 4 (cuatro) , contados desde el día siguiente en que se extingue el vínculo laboral. respecto, es necesario tener presente que los trabajadores desplazados solo (mantienen vínculo laboral con la empresa tercerizadora, más no respecto a la empresa principal. 54. Como es de verse el legislador ha decidido fijar el plazo de prescripción de las obligaciones de la empresa principal que recibió los servicios del trabajador desplazado por cuanto el plazo de la Ley 27321 aplica a los ""derechos derivados de la relación laboral"" existente entre la empresa tercerizadora y el trabajador, máxime si entre la usuaria y el trabajador desplazado no existe vínculo laboral. 55. Este Tribunal Constitucional entiende que la opción legislativa de extender la responsabilidad a la empresa principal por un año posterior a la culminación del desplazamiento, no vulnera la dignidad del trabajador, más bien por el contrario, le protege frente a cualquier afectación derivada de la falta de pago de sus derechos y/o beneficios laborales, así como lo concerniente a la seguridad social. 56. En ese sentido, corresponde declarar infundada la demanda en este extremo. Caso ""Ley de servicios de tercerización"" 117 2.4.Análisis de constitucionalidad de la Primera Disposición Complementaria Final de la Ley 29245 57. La parte demandante también alega la vulneración de la dignidad del trabajador respecto de la Primera Disposición Complementaria del cuerpo normativo cuestionado, el cual establece que: Las empresas que presten servicios de tercerización podrán subcontratar siempre y cuando el subcontratista cumpla con los requisitos establecidos en la presente Ley. 58. Al respecto, se aduce que la subcontratación de la tercerización generaría una situación de precarización, generando que los trabajadores tengan peores condiciones laborales, por lo que se rebajaría la dignidad de estos. 59. Este Tribunal advierte que el Colegio de Abogados del Callao parte de la premisa que la tercerización laboral involucra un reconocimiento menor de los derechos laborales, lo que genera per se una precarización laboral. Sin embargo, tal como se ha señalado tercerización constituye un tipo de organización empresarial, donde el que se genera entre el personal de la empresa tercerizadora y esta, debe ue no se restrinja ningún derecho laboral. n ese sentido, la disposición impugnada, al permitir la subcontratación en la tercerización, crea una nueva modalidad de organización de empresa, donde hablamos de 4 partes involucradas: a) La empresa principal b) La empresa tercerizadora que subcontrata c) La empresa subcontratada d) Trabajador de la empresa subcontratada 61. La Ley 29245 hace la salvedad que esta subcontratación rige en tanto se sigan todos los requisitos dados para que opere la tercerización, entre los cuales destaca que esta forma de contratación de servicios no restringe los derechos individuales y colectivos de los trabajadores. 62. Por lo tanto, este Tribunal advierte que al no existir una lesión normativa a algún derecho fundamental de los trabajadores sujetos a este tipo de modalidad de contratación, no se estaría frente a la vulneración de la dignidad de los trabajadores. .._____ 63. Sin perjuicio de ello, en caso exista algún tipo de infracción a los requisitos estipulados(cid:9) I por ley, se produce la desnaturalización, teniendo como consecuencia que se considere(cid:9) . Caso ""Ley de servicios de tercerización"" 18 la existencia de la relación laboral directa entre el trabajador y la empresa principal desde el inicio de la prestación de servicios. 64. En ese sentido, corresponde advertir que en abstracto no se observa que la norma impugnada resulte inconstitucional, sin perjuicio de la posibilidad de que pueda ser objeto de control en el marco de algún caso concreto por parte de los jueces. 65. Por las razones expuestas corresponde declarar infundada la demanda en este extremo. 2.5. Análisis de constitucionalidad del artículo 1 del Decreto Legislativo 1038 66. El alcance de la Ley que regula los servicios de tercerización debe ser interpretado de nformidad con el Decreto Legislativo 1038. El último párrafo del artículo 1 establece )111111 011111 • os excepcionales, por razones objetivas y demostrables, la pluralidad de clientes / - ser no considerada como característica. El Reglamento de la Ley 29245 -""(cid:9)p recisará lo pertinente a tal situación. 67. La parte demandante señala que la excepción al requisito de pluralidad de clientes, permite que se cree supuestos de fraude o simulación en la empresa contratista, desnaturalizando el objetivo de la norma en perjuicio de los trabajadores. 68. Al respecto, el Reglamento de la Ley 29245, aprobado mediante Decreto Supremo 006-2008-TR, señala en el inciso 4.2 del artículo 4, lo siguiente: De acuerdo con lo previsto por el artículo 1 del Decreto Legislativo, la pluralidad de clientes no será un indicio a valorar en los siguientes casos: a) Cuando el servicio objeto de tercerización sólo sea requerido por un número reducido de empresas o entidades dentro del ámbito geográfico, del mercado o del sector en que desarrolla sus actividades la empresa tercerizadora. b) Cuando, en base a la naturaleza del servicio u obra, existan motivos atendibles para el establecimiento de pacto de exclusividad entre la empresa principal y la tercerizadora. c) Cuando la empresa tercerizadora se encuentre acogida al régimen de la micro empresa. 69. Ahora bien, la regla general en los contratos de tercerización es que exista pluralidad de clientes, sin embargo, la disposición impugnada establece que puede haber ciertas excepciones, las cuales se encuentran en el Reglamento del cuerpo normativo impugnado. Caso ""Ley de servicios de tercerización"" 1 19 70. Tal como se ha reseñado, el argumento de la parte demandante gira en torno a un posible fraude a la ley, en el cual se generen contratos de tercerización desnaturalizados, generando precarización laboral para los trabajadores. 71. Sin embargo, tal como se desarrolló supra, cuando ocurre algún supuesto de desnaturalización, la consecuencia está legalmente prevista y consiste en entender que existe vínculo laboral entre el trabajador falsamente desplazado y la empresa principal, desde el momento en el que se prestó el servicio o se realizó la obra. 72. En ese sentido, corresponde advertir que en abstracto no se observa que la norma impugnada resulte inconstitucional, sin perjuicio de la posibilidad de que pueda ser objeto de control en el marco de algún caso concreto por parte de los jueces. 73. Por las razones expuestas corresponde declarar infundada la demanda en este extremo. §3. SUPUESTA VULNERACIÓN DEL PRINCIPIO DE IGUALDAD 74. El inciso 1 del artículo 26 de la Constitución establece que en la relación laboral se debe respetar el principio de igualdad de oportunidades sin discriminación. igualdad es un principio-derecho que instala a las personas, situadas en ción, en un plano de equivalencia. Ello involucra una conformidad o or coincidencia de naturaleza, circunstancia, calidad, cantidad o forma, de 1 que no se establezcan excepciones o privilegios que excluyan a una persona los derechos que se conceden a otra, en paridad sincrónica o por concurrencia de razones. 76. Además, añade que: (...) en más de una ocasión se ha enfatizado, y, en buena medida, el juicio común permite advertir, el derecho a la igualdad no consagra llanamente la prohibición de diferenciación, sino la prohibición de diferenciación constitucionalmente injustificada, es decir, aquélla que no se sostiene en criterios objetivos o razonables. Lo que es tanto como sostener que la diferenciación que la Constitución juzga inválida, es aquélla que no supera el denominado test de igualdad, y que, en razón de ello, debe ser considerada como un trato discriminatorio (Sentencia 0015-2010-PI/TC, fundamento 7). 77. El principio de igualdad constitucionalmente garantizado no impone el trato idéntico de todos los sujetos sino un trato igualitario de los que se encuentran en la misma io condición esto implica que quien invoca la afectación del principio debe demostrar dos cosas: `.....____...---' i. el trato diferente; y ii. que se encuentra en la misma condición que quien recibió el trato diferente. Caso ""Ley de servicios de tercerización"" 20 78. En tal sentido, este Tribunal afirmó que para determinar la existencia de una diferenciación jurídicamente relevante debe constatarse que se aplica diferente trato a quienes se encuentran en condiciones iguales, o un trato homogéneo a quienes se encuentran en diferente situación, lo que vendría a constituir una violación del principio de igualdad por indiferenciación (fundamentos 25 y siguientes de la sentencia 02437-2013-PA/TC). 79. En otras palabras, la identificación del tratamiento diferenciado debe realizarse mediante la comparación entre el objeto, el sujeto, la situación o la relación que se cuestiona y otro identificable desde el punto de vista fáctico o jurídico, pero al que se le asigna diferente consecuencia, que viene a constituir lo que se denomina término de comparación (tertium comparationis). 80. Este término de comparación debe presentar una situación jurídica o fáctica que comparta una esencial identidad, en sus propiedades relevantes, con el trato que se denuncia. 81. La inexistencia de caracteres comunes entre el trato que se cuestiona y la situación que se ha propuesto como término de comparación, impide que se pueda determinar una intervención sobre el principio-derecho de igualdad. caso de autos, la parte demandante alega que los artículos 3,7, 9 y la Primera mplementaria Final de la Ley 29245 vulneran el principio de igualdad, existe un trato diferente injustificado entre los trabajadores de la empresa ra y los trabajadores de la empresa principal. ara analizar la existencia de alguna transgresión al principio de igualdad, primero es necesario determinar si existe un término de comparación entre ambas situaciones jurídicas. 84. El recurrente alega un trato diferenciado entre: i. Los trabajadores de la empresa tercerizadora ii. Los trabajadores de la empresa principal 85. Este Tribunal Constitucional estima que en el presente caso no nos encontramos ante situaciones similares que puedan ser equiparables, toda vez que los trabajadores que se o encuentran en el primer supuesto, mantienen única y exclusivamente una relación laboral con la empresa tercerizadora, por lo que se encuentran completamente subordinados a esta; en cambio, los trabajadores del segundo supuesto mantienen una relación laboral únicamente con la empresa principal. Caso ""Ley de servicios de tercerización"" 21 86. Por lo tanto, en el presente caso no se ha demostrado que el trato potencialmente diferente se lleve a cabo entre sujetos que se encuentran en la misma condición. De hecho, los trabajadores que realicen iguales tareas en empresas diferentes pueden tener los mismos o diferentes beneficios o remuneraciones. 87. En ese sentido, corresponde advertir que en abstracto no se observa que la norma impugnada resulte inconstitucional, sin perjuicio de la posibilidad de que pueda ser objeto de control en el marco de algún caso concreto por parte de los jueces. 88. Por las razones expuestas corresponde declarar infundada la demanda en este extremo. §4. SUPUESTA VULNERACIÓN DE LA DEBIDA PROTECCIÓN CONTRA EL DESPIDO ARBITRARIO 89. El artículo 27 de la Constitución señala que:""La ley otorga al trabajador adecuada protección contra el despido arbitrario"". 90. Tal como ha señalado este Tribunal Constitucional, se trata de un derecho constitucional de configuración legal, en la medida que el contenido y alcance específico de la ""protección adecuada"" corresponde ser desarrollada por el dor (cid:9) ncia 0025-2013-PI/TC y otros, fundamento 85). e, en la sentencia 00976-2001-AA/TC, este órgano de control de la n delimitó el contenido del derecho invocado e interpretó qué debe derse por protección adecuada contra el despido arbitrario, señalando dos erspectivas en que se puede abordar dicho derecho: i. un régimen de carácter sustantivo, que puede ser de carácter preventivo o de carácter reparador; y ii. un régimen de carácter procesal, que puede ser de eficacia resarcitoria o de eficacia restitutoria. 92. Asimismo, se ha reconocido en reiterada jurisprudencia de este Tribunal dos tipos de protección en casos de despido arbitrario, de carácter excluyente y a elección del trabajador: i. protección de eficacia resarcitoria, cuando el trabajador opta por recurrir a la vía ordinaria solicitando el pago de la indemnización por despido arbitrario; y Caso ""Ley de servicios de tercerización"" 22 ii.(cid:9) protección de eficacia restitutoria, cuando el trabajador opta por recurrir a la vía constitucional a través del proceso de amparo constitucional, siempre y cuando el despido se haya producido de manera nula, incausada o fraudulenta. 93. En efecto, el contenido del derecho constitucional a una protección adecuada contra el despido arbitrario supone la indemnización o la reposición según corresponda, a elección del trabajador, entonces, en caso de que en la vía judicial ordinaria no sea posible obtener la reposición o la restitución del derecho vulnerado, el amparo será la vía idónea para obtener la protección adecuada de los trabajadores del régimen laboral privado, incluida la reposición(Sentencia 0206-2005-PA/TC, fundamento 7). 94. En relación a los despidos nulos, este Tribunal determinó que el proceso de amparo será procedente considerando la protección urgente que se requiere para este tipo de casos, sin perjuicio del derecho del trabajador a recurrir a la vía judicial ordinaria laboral, si así lo estima conveniente. 95. En el presente proceso se alega que el artículo 3 de la Ley 29245 vulnera el derecho a la debida protección frente al despido arbitrario, toda vez que la disposición cuestionada genera que los trabajadores tercerizados realicen la misma labor que los trabajadores de la empresa principal, pero con contratos a tiempo determinado. señalado, los trabajadores de la empresa tercerizadora mantienen una 1 únicamente con esta, más no con la empresa principal. Por otro lado, tima y la empresa tercerizadora, siempre mediará un contrato de naturaleza Corresponde mencionar que la empresa tercerizadora está facultada para contratar a su personal ya sea mediante un contrato indeterminado o uno a plazo fijo, siempre y cuando se cumplan los requisitos establecidos por ley, lo que no implica per se una desprotección del trabajador. 98. Este Tribunal Constitucional advierte que la disposición impugnada, se encuentra orientada a establecer los casos en los que se constituye una tercerización de servicios, mas no limita o transgrede los tipos de protección en el caso de un supuesto despido arbitrario. 99. En ese sentido, corresponde declarar infundada la demanda en este extremo. §5. SUPUESTA VULNERACIÓN DEL PRINCIPIO DE NO REGRESIVIDAD 100.La Undécima Disposición Final y Transitoria de la Constitución establece que: Las disposiciones de la Constitución que exijan nuevos y mayores gastos públicos se aplican progresivamente. Caso ""Ley de servicios de tercerización"" 1 23 101.En efecto, el Comité de Derechos Económicos, Sociales y Culturales de las Naciones Unidas, en su Observación General 3, sobre ""La índole de las obligaciones de los Estados Partes"" estableció que: (...) el concepto de progresividad efectiva constituye un reconocimiento del hecho de que la plena efectividad de los derechos económicos, sociales y culturales en general, no podrá lograrse en un breve período de tiempo. Sin embargo, (...) [1]a frase [progresividad] debe interpretarse a la luz del objetivo general (...) que es establecer claras obligaciones para los Estados Partes con respecto a la plena efectividad de los derechos de que se trata. Este impone así una obligación de proceder lo más expedita y eficazmente posible con miras a lograr ese objetivo. Además, todas las medidas de carácter deliberadamente retroactivo en este aspecto requerirán la consideración más cuidadosa y deberán justificarse plenamente por referencia a la totalidad de los derechos previstos en el Pacto y en el contexto del aprovechamiento pleno del máximo de los recursos de que se disponga. 102.E1 principio de progresividad en el gasto a que hace alusión la undécima disposición final y transitoria de la Constitución, no puede ser entendido con carácter indeterminado y, por ende, el Estado debe realizar acciones concretas y constantes para la realización de los derechos reconocidos en la Constitución. 103.La Disposición Final y Transitoria Undécima de nuestra Constitución resulta ncordante cos I artículo 2.1 del Pacto de Derechos Económicos, Sociales y ecisa que los Estados se comprometen a adoptar medidas hasta el ursos que se disponga para lograr, progresivamente, la plena efectividad os reconocidos. s evidente que el Estado peruano no puede eximirse de esta obligación, ni tampoco asumirla como un ideal de gestión, pues se trata de una obligación perentoria a ser cumplida, si bien de manera progresiva, siempre en plazos razonables y acompañados de acciones concretas. 105.Este Tribunal en anteriores sentencias ha puesto de relieve que los derechos económicos, sociales y culturales en cuya concreción reside la clave del bien común, no deben aparecer como una mera declaración de buenas intenciones, sino como un compromiso con la sociedad dotado de metas claras y realistas (Sentencia 02945-2003- PA/TC, fundamento 38). 106.Relacionado con el anterior se encuentra el principio de no regresividad del que se deriva que las medidas que debe adoptar el Estado con referencia a la plena efectividad de dichos derechos no podrían, en principio, generar un estado de cosas o una situación que sea más perjudicial que la que se encuentre efectivamente establecida. Caso ""Ley de servicios de tercerización"" 24 107.Sin embargo, este principio tampoco supone la absoluta imposibilidad de limitar los avances efectuados por el Estado en materia de derechos sociales, siempre que existan razones de interés general que así lo justifiquen o cuando se trate de medidas extraordinarias o coyunturales. 108.En el caso de autos, la parte demandante alega que el artículo 3 de la ley impugnada vulnera dicho principio, toda vez que involucra la posibilidad de que los trabajadores de la empresa tercerizadora realicen las mismas labores principales que los trabajadores de la empresa usuaria, pero con condiciones laborales más desfavorables. 109.AI respecto, corresponde advertir que el personal de ambas empresas se encuentra en situaciones jurídicas distintas, ya que por un lado se hallan los trabajadores de la tercerizadora, y por el otro, los de la empresa principal. Como ya se pusiera de relieve supra los trabajadores de distintas empresas pueden tener ingresos y beneficios diferentes. 110.Sin perjuicio de lo mencionado, corresponde advertir que la ley impugnada es clara al establecer que la aplicación del sistema de contratación de la tercerización no restringe el ejercicio de los derechos individuales y colectivos de los trabajadores. 111.Este Tribunal Constitucional entiende que la norma impugnada no supone infracción del principio de no regresividad en materia de los derechos laborales, por lo que corresponde declarar infundada la demanda en este extremo. §6. S(cid:9) A INCONSTITUCIONALIDAD POR OMISIÓN ativo que la Constitución ostenta no solo significa que las es en ella contenidas no sean infringidas o desconocidas por las autoridades, bnarios o personas, sino que aquellas obligaciones que ella señala, sean cumplidas e modo efectivo y adecuado, es decir que se cumpla con lo constitucionalmente rdenado. 1 3.Este Tribunal Constitucional, tiene resuelto que la necesidad de la inclusión del control de las omisiones obedece, entre otras razones, a las siguientes: - La necesidad de reivindicar el valor normativo de la Constitución. La reivindicación de la naturaleza ""social"" del Estado constitucional, en el entendido de que los derechos tradicionalmente postergados o dejados al ocio del legislador son, por lo general, los derechos sociales. La necesidad de relacionar el poder constituyente con el poder constituido, permitiendo un desarrollo responsable de los contenidos de la Constitución. Caso ""Ley de servicios de tercerización"" 25 - La naturaleza y el rol actual que han asumido los Tribunales Constitucionales en su labor de defensa de lo que la Constitución ordena. - La necesidad de tomar en serio las ""obligaciones constitucionales"", en particular, las que corresponden en esencia al legislador de cara a la vigencia y efectividad de los derechos fundamentales. 114.Como surge de lo expuesto, la inconstitucionalidad por omisión se genera cuando el legislador omite cumplir con lo que se encuentra constitucionalmente ordenado. I15.En el caso de autos, la parte demandante alega que se debería regular la igualdad de derechos laborales entre los trabajadores de la empresa tercerizadora y los trabajadores de la empresa principal, por lo que este tipo de subcontratación laboral involucra una relación laboral de tres partes. 116.Tal como se ha advertido supra, no existe una identidad entre la situación jurídica del personal de la empresa tercerizadora y el de la empresa principal, por lo que no resulta constitucionalmente exigible que exista un tratamiento igualitario entre ambos. 117.Si esto es así, y no existe una obligación constitucional que haya sido omitida, corresponde declarar infundada la demanda en este extremo. 1 18.Por otro lado, el Colegio de Abogados del Callao sostiene que existe una omisión co titucional al no indicar el porcentaje máximo de los procesos productivos que rizados, poniendo en riesgo que toda la actividad de la empresa jeta a este tipo de subcontratación laboral. cto el artículo 6 de la Ley 27626, Ley que regula la actividad de las empresas éciales de servicios y de las cooperativas de trabajadores, establece que: El número de trabajadores de empresas de servicios o cooperativas que pueden prestar servicios en las empresas usuarias, bajo modalidad temporal, no podrá exceder del veinte por ciento del total de trabajadores de la empresa usuaria. El porcentaje no será aplicable a los servicios complementarios o especializados, siempre y cuando la empresa de servicios o cooperativa asuma plena autonomía técnica y la responsabilidad para el desarrollo de sus actividades (subrayado agregado). .Debe tenerse en cuenta que este límite solo aplica a las empresas que se desenvuelven en el ámbito de la intermediación laboral que es una situación claramente diferente bajo el cual se desenvuelven las empresas sujetas a contratos de tercerización, como se pusiera de relieve más arriba. 121.E1 Tribunal Constitucional considera que la mera opción legislativa de que los contratos de servicios de especializados, como ocurre en la tercerización, no se encuentren sujetos a determinados porcentajes limitativos, siempre y cuando mantenga Caso ""Ley de servicios de tercerización"" 26 la plena autonomía, no constituye por sí misma una omisión de alguna obligación constitucional, por lo que corresponde declarar infundada la demanda en este extremo. III. FALLO Por estos fundamentos, el Tribunal Constitucional, con la autoridad que le confiere la Constitución Política del Perú,",,
